id,updated,confirmed,confirmed_change,deaths,deaths_change,recovered,recovered_change,latitude,longitude,iso2,iso3,country_region,admin_region_1,iso_subdivision,admin_region_2,load_time
338995,2020-01-21,262,,0,,,,,,,,Worldwide,,,,2023-06-17 00:05:40
338996,2020-01-22,313,51,0,0,,,,,,,Worldwide,,,,2023-06-17 00:05:40
338997,2020-01-23,578,265,0,0,,,,,,,Worldwide,,,,2023-06-17 00:05:40
338998,2020-01-24,841,263,0,0,,,,,,,Worldwide,,,,2023-06-17 00:05:40
338999,2020-01-25,1320,479,0,0,,,,,,,Worldwide,,,,2023-06-17 00:05:40
339000,2020-01-26,2014,694,0,0,,,,,,,Worldwide,,,,2023-06-17 00:05:40
339001,2020-01-27,2798,784,0,0,,,,,,,Worldwide,,,,2023-06-17 00:05:40
339002,2020-01-28,4593,1795,0,0,,,,,,,Worldwide,,,,2023-06-17 00:05:40
339003,2020-01-29,6065,1472,0,0,,,,,,,Worldwide,,,,2023-06-17 00:05:40
339004,2020-01-30,7818,1753,0,0,,,,,,,Worldwide,,,,2023-06-17 00:05:40
339005,2020-01-31,9826,2008,0,0,,,,,,,Worldwide,,,,2023-06-17 00:05:40
339006,2020-02-01,11953,2127,0,0,,,,,,,Worldwide,,,,2023-06-17 00:05:40
339007,2020-02-02,14557,2604,0,0,,,,,,,Worldwide,,,,2023-06-17 00:05:40
339008,2020-02-03,17386,2829,362,362,,,,,,,Worldwide,,,,2023-06-17 00:05:40
339009,2020-02-04,20625,3239,426,64,,,,,,,Worldwide,,,,2023-06-17 00:05:40
339010,2020-02-05,24549,3924,492,66,,,,,,,Worldwide,,,,2023-06-17 00:05:40
339011,2020-02-06,28256,3707,565,73,,,,,,,Worldwide,,,,2023-06-17 00:05:40
339012,2020-02-07,31420,3164,638,73,,,,,,,Worldwide,,,,2023-06-17 00:05:40
339013,2020-02-08,34822,3402,724,86,,,,,,,Worldwide,,,,2023-06-17 00:05:40
339014,2020-02-09,37494,2672,813,89,,,,,,,Worldwide,,,,2023-06-17 00:05:40
339015,2020-02-10,40484,2990,910,97,,,,,,,Worldwide,,,,2023-06-17 00:05:40
339016,2020-02-11,42968,2484,1018,108,,,,,,,Worldwide,,,,2023-06-17 00:05:40
339017,2020-02-12,44996,2028,1115,97,,,,,,,Worldwide,,,,2023-06-17 00:05:40
339018,2020-02-13,46823,1827,1369,254,,,,,,,Worldwide,,,,2023-06-17 00:05:40
339019,2020-02-14,64219,17396,1383,14,,,,,,,Worldwide,,,,2023-06-17 00:05:40
339020,2020-02-15,66884,2665,1526,143,,,,,,,Worldwide,,,,2023-06-17 00:05:40
339021,2020-02-16,68912,2028,1669,143,,,,,,,Worldwide,,,,2023-06-17 00:05:40
339022,2020-02-17,70975,2063,1775,106,,,,,,,Worldwide,,,,2023-06-17 00:05:40
339023,2020-02-18,72778,1803,1873,98,,,,,,,Worldwide,,,,2023-06-17 00:05:40
339024,2020-02-19,75204,2426,2009,136,,,,,,,Worldwide,,,,2023-06-17 00:05:40
339025,2020-02-20,75748,544,2129,120,,,,,,,Worldwide,,,,2023-06-17 00:05:40
339026,2020-02-21,76769,1021,2247,118,,,,,,,Worldwide,,,,2023-06-17 00:05:40
339027,2020-02-22,77794,1025,2359,112,,,,,,,Worldwide,,,,2023-06-17 00:05:40
339028,2020-02-23,78811,1017,2462,103,,,,,,,Worldwide,,,,2023-06-17 00:05:40
339029,2020-02-24,79331,520,2618,156,,,,,,,Worldwide,,,,2023-06-17 00:05:40
339030,2020-02-25,80239,908,2700,82,,,,,,,Worldwide,,,,2023-06-17 00:05:40
339031,2020-02-26,81109,870,2762,62,,,,,,,Worldwide,,,,2023-06-17 00:05:40
339032,2020-02-27,82294,1185,2804,42,,,,,,,Worldwide,,,,2023-06-17 00:05:40
339033,2020-02-28,83652,1358,2858,54,,,,,,,Worldwide,,,,2023-06-17 00:05:40
339034,2020-02-29,85403,1751,2924,66,,,,,,,Worldwide,,,,2023-06-17 00:05:40
339035,2020-03-01,87137,1734,2977,53,,,,,,,Worldwide,,,,2023-06-17 00:05:40
339036,2020-03-02,88948,1811,3043,66,,,,,,,Worldwide,,,,2023-06-17 00:05:40
339037,2020-03-03,90869,1921,3112,69,,,,,,,Worldwide,,,,2023-06-17 00:05:40
339038,2020-03-04,93091,2222,3198,86,,,,,,,Worldwide,,,,2023-06-17 00:05:40
339039,2020-03-05,95324,2233,3281,83,,,,,,,Worldwide,,,,2023-06-17 00:05:40
339040,2020-03-06,98192,2868,3380,99,,,,,,,Worldwide,,,,2023-06-17 00:05:40
339041,2020-03-07,101927,3735,3486,106,,,,,,,Worldwide,,,,2023-06-17 00:05:40
339042,2020-03-08,105586,3659,3584,98,,,,,,,Worldwide,,,,2023-06-17 00:05:40
339043,2020-03-09,109577,3991,3809,225,,,,,,,Worldwide,,,,2023-06-17 00:05:40
339044,2020-03-10,113702,4125,4012,203,,,,,,,Worldwide,,,,2023-06-17 00:05:40
339045,2020-03-11,118319,4617,4292,280,,,,,,,Worldwide,,,,2023-06-17 00:05:40
339046,2020-03-12,125260,6941,4613,321,,,,,,,Worldwide,,,,2023-06-17 00:05:40
339047,2020-03-13,132755,7495,4955,342,,,,,,,Worldwide,,,,2023-06-17 00:05:40
339048,2020-03-14,142534,9779,5392,437,,,,,,,Worldwide,,,,2023-06-17 00:05:40
339049,2020-03-15,153517,10983,5735,343,,,,,,,Worldwide,,,,2023-06-17 00:05:40
339050,2020-03-16,167515,13998,6606,871,,,,,,,Worldwide,,,,2023-06-17 00:05:40
339051,2020-03-17,179111,11596,7426,820,81727,,,,,,Worldwide,,,,2023-06-17 00:05:40
339052,2020-03-18,191127,12016,7807,381,84446,2719,,,,,Worldwide,,,,2023-06-17 00:05:40
150051,2020-03-19,244799,53672,10030,2223,87407,2961,,,,,Worldwide,,,,2023-06-17 00:05:40
204566,2020-03-20,275130,30331,11376,1346,90943,3536,,,,,Worldwide,,,,2023-06-17 00:05:40
325129,2020-03-21,304999,29869,13003,1627,94793,3850,,,,,Worldwide,,,,2023-06-17 00:05:40
444295,2020-03-22,335403,30404,14611,1608,97636,2843,,,,,Worldwide,,,,2023-06-17 00:05:40
612670,2020-03-23,378394,42991,16491,1880,101584,3948,,,,,Worldwide,,,,2023-06-17 00:05:40
797487,2020-03-24,417663,39269,18605,2114,108312,6728,,,,,Worldwide,,,,2023-06-17 00:05:40
993962,2020-03-25,463387,45724,20912,2307,113802,5490,,,,,Worldwide,,,,2023-06-17 00:05:40
1216984,2020-03-26,529614,66227,23714,2802,121454,7652,,,,,Worldwide,,,,2023-06-17 00:05:40
1367645,2020-03-27,587958,58344,26909,3195,132440,10986,,,,,Worldwide,,,,2023-06-17 00:05:40
1460188,2020-03-28,662541,74583,30839,3930,141468,9028,,,,,Worldwide,,,,2023-06-17 00:05:40
1673794,2020-03-29,720415,57874,33908,3069,150918,9450,,,,,Worldwide,,,,2023-06-17 00:05:40
1946924,2020-03-30,777286,56871,37140,3232,164446,13528,,,,,Worldwide,,,,2023-06-17 00:05:40
2209715,2020-03-31,856955,79669,42089,4949,177917,13471,,,,,Worldwide,,,,2023-06-17 00:05:40
2486437,2020-04-01,932605,75650,46809,4720,193259,15342,,,,,Worldwide,,,,2023-06-17 00:05:40
2769463,2020-04-02,1011490,78885,52863,6054,210186,16927,,,,,Worldwide,,,,2023-06-17 00:05:40
3090977,2020-04-03,1095917,84427,58787,5924,225796,15610,,,,,Worldwide,,,,2023-06-17 00:05:40
3429904,2020-04-04,1196553,100636,64549,5762,246108,20312,,,,,Worldwide,,,,2023-06-17 00:05:40
3750617,2020-04-05,1272115,75562,69309,4760,260012,13904,,,,,Worldwide,,,,2023-06-17 00:05:40
4016373,2020-04-06,1341907,69792,74565,5256,276259,16247,,,,,Worldwide,,,,2023-06-17 00:05:40
4309179,2020-04-07,1426096,84189,81259,6694,300054,23795,,,,,Worldwide,,,,2023-06-17 00:05:40
4551545,2020-04-08,1504971,78875,87984,6725,328661,28607,,,,,Worldwide,,,,2023-06-17 00:05:40
4728946,2020-04-09,1587209,82238,94850,6866,353291,24630,,,,,Worldwide,,,,2023-06-17 00:05:40
4898837,2020-04-10,1684833,97624,102136,7286,375499,22208,,,,,Worldwide,,,,2023-06-17 00:05:40
5310451,2020-04-11,1764622,79789,107904,5768,385999,10500,,,,,Worldwide,,,,2023-06-17 00:05:40
5134319,2020-04-12,1912923,148301,107904,0,421497,35498,,,,,Worldwide,,,,2023-06-17 00:05:40
5261547,2020-04-13,1970879,57956,118966,11062,448053,26556,,,,,Worldwide,,,,2023-06-17 00:05:40
5305989,2020-04-14,2056055,85176,125678,6712,472948,24895,,,,,Worldwide,,,,2023-06-17 00:05:40
5347997,2020-04-15,2151199,95144,133572,7894,511019,38071,,,,,Worldwide,,,,2023-06-17 00:05:40
5429132,2020-04-16,2234109,82910,143725,10153,541501,30482,,,,,Worldwide,,,,2023-06-17 00:05:40
5440228,2020-04-17,2310572,76463,153379,9654,567695,26194,,,,,Worldwide,,,,2023-06-17 00:05:40
5448942,2020-04-18,2394291,83719,158691,5312,590682,22987,,,,,Worldwide,,,,2023-06-17 00:05:40
5457903,2020-04-19,2470410,76119,164938,6247,611880,21198,,,,,Worldwide,,,,2023-06-17 00:05:40
5467891,2020-04-20,2560504,90094,169794,4856,645335,33455,,,,,Worldwide,,,,2023-06-17 00:05:40
5495212,2020-04-21,2628894,68390,176926,7132,679793,34458,,,,,Worldwide,,,,2023-06-17 00:05:40
5562397,2020-04-22,2699338,70444,182992,6066,709050,29257,,,,,Worldwide,,,,2023-06-17 00:05:40
6650426,2020-04-23,2790986,91648,188437,5445,737735,28685,,,,,Worldwide,,,,2023-06-17 00:05:40
6906714,2020-04-24,2868539,77553,195920,7483,781382,43647,,,,,Worldwide,,,,2023-06-17 00:05:40
6955177,2020-04-25,2965363,96824,201502,5582,811660,30278,,,,,Worldwide,,,,2023-06-17 00:05:40
7002306,2020-04-26,3002303,36940,206265,4763,863464,51804,,,,,Worldwide,,,,2023-06-17 00:05:40
7055144,2020-04-27,3083467,81164,208131,1866,878813,15349,,,,,Worldwide,,,,2023-06-17 00:05:40
7098114,2020-04-28,3170335,86868,213824,5693,915988,37175,,,,,Worldwide,,,,2023-06-17 00:05:40
7522181,2020-04-29,3249022,78687,224708,10884,958353,42365,,,,,Worldwide,,,,2023-06-17 00:05:40
7997577,2020-04-30,3303296,54274,230804,6096,1006112,47759,,,,,Worldwide,,,,2023-06-17 00:05:40
8479449,2020-05-01,3419184,115888,235290,4486,1039588,33476,,,,,Worldwide,,,,2023-06-17 00:05:40
8922151,2020-05-02,3502126,82942,243355,8065,1092644,53056,,,,,Worldwide,,,,2023-06-17 00:05:40
9388541,2020-05-03,3578301,76175,247107,3752,1124127,31483,,,,,Worldwide,,,,2023-06-17 00:05:40
9863005,2020-05-04,3659271,80970,251059,3952,1162279,38152,,,,,Worldwide,,,,2023-06-17 00:05:40
10308709,2020-05-05,3744585,85314,256736,5677,1197340,35061,,,,,Worldwide,,,,2023-06-17 00:05:40
10776908,2020-05-06,3836215,91630,263068,6332,1238250,40910,,,,,Worldwide,,,,2023-06-17 00:05:40
11286400,2020-05-07,3932896,96681,268999,5931,1278499,40249,,,,,Worldwide,,,,2023-06-17 00:05:40
11778334,2020-05-08,4018342,85446,274422,5423,1313004,34505,,,,,Worldwide,,,,2023-06-17 00:05:40
12224629,2020-05-09,4097158,78816,278756,4334,1363698,50694,,,,,Worldwide,,,,2023-06-17 00:05:40
12674148,2020-05-10,4168427,71269,282495,3739,1402882,39184,,,,,Worldwide,,,,2023-06-17 00:05:40
13152783,2020-05-11,4233504,65077,285445,2950,1452626,49744,,,,,Worldwide,,,,2023-06-17 00:05:40
13612685,2020-05-12,4336973,103469,289932,4487,1481314,28688,,,,,Worldwide,,,,2023-06-17 00:05:40
14064683,2020-05-13,4434590,97617,296252,6320,1540464,59150,,,,,Worldwide,,,,2023-06-17 00:05:40
14494766,2020-05-14,4531811,97221,301937,5685,1583929,43465,,,,,Worldwide,,,,2023-06-17 00:05:40
14923458,2020-05-15,4626632,94821,307001,5064,1632286,48357,,,,,Worldwide,,,,2023-06-17 00:05:40
15332735,2020-05-16,4710614,83982,311363,4362,1679428,47142,,,,,Worldwide,,,,2023-06-17 00:05:40
15763695,2020-05-17,4786672,76058,315023,3660,1732344,52916,,,,,Worldwide,,,,2023-06-17 00:05:40
16188753,2020-05-18,4889287,102615,317695,2672,1776641,44297,,,,,Worldwide,,,,2023-06-17 00:05:40
16631510,2020-05-19,4968689,79402,322683,4988,1679155,-97486,,,,,Worldwide,,,,2023-06-17 00:05:40
17054212,2020-05-20,5076846,108157,326515,3832,1885535,206380,,,,,Worldwide,,,,2023-06-17 00:05:40
17464727,2020-05-21,5180982,104136,332425,5910,1936947,51412,,,,,Worldwide,,,,2023-06-17 00:05:40
17857536,2020-05-22,5280743,99761,336432,4007,1992496,55549,,,,,Worldwide,,,,2023-06-17 00:05:40
18284171,2020-05-23,5383582,102839,340477,4045,2090465,97969,,,,,Worldwide,,,,2023-06-17 00:05:40
18684563,2020-05-24,5471768,88186,344077,3600,2158031,67566,,,,,Worldwide,,,,2023-06-17 00:05:40
19070668,2020-05-25,5559130,87362,344911,834,2223523,65492,,,,,Worldwide,,,,2023-06-17 00:05:40
19509645,2020-05-26,5682389,123259,348610,3699,2271268,47745,,,,,Worldwide,,,,2023-06-17 00:05:40
20116729,2020-05-27,5803416,121027,354944,6334,2337385,66117,,,,,Worldwide,,,,2023-06-17 00:05:40
20686443,2020-05-28,5916464,113048,359791,4847,2399247,61862,,,,,Worldwide,,,,2023-06-17 00:05:40
21233502,2020-05-29,6048384,131920,364357,4566,2486634,87387,,,,,Worldwide,,,,2023-06-17 00:05:40
21797053,2020-05-30,6132154,83770,368604,4247,2538227,51593,,,,,Worldwide,,,,2023-06-17 00:05:40
22323956,2020-05-31,6246042,113888,371154,2550,2631567,93340,,,,,Worldwide,,,,2023-06-17 00:05:40
22918439,2020-06-01,6325303,79261,374452,3298,2687848,56281,,,,,Worldwide,,,,2023-06-17 00:05:40
23455228,2020-06-02,6444298,118995,377460,3008,2727679,39831,,,,,Worldwide,,,,2023-06-17 00:05:40
24042086,2020-06-03,6573286,128988,382435,4975,2764304,36625,,,,,Worldwide,,,,2023-06-17 00:05:40
24518546,2020-06-04,6722408,149122,387898,5463,2837955,73651,,,,,Worldwide,,,,2023-06-17 00:05:40
25045072,2020-06-05,6852810,130402,393934,6036,2996534,158579,,,,,Worldwide,,,,2023-06-17 00:05:40
25554845,2020-06-06,6979789,126979,398211,4277,3071142,74608,,,,,Worldwide,,,,2023-06-17 00:05:40
26103673,2020-06-07,7085894,106105,401848,3637,3130301,59159,,,,,Worldwide,,,,2023-06-17 00:05:40
26651309,2020-06-08,7185573,99679,405168,3320,3180479,50178,,,,,Worldwide,,,,2023-06-17 00:05:40
27209200,2020-06-09,7313661,128088,408954,3786,3352665,172186,,,,,Worldwide,,,,2023-06-17 00:05:40
27755055,2020-06-10,7414050,100389,413854,4900,3442630,89965,,,,,Worldwide,,,,2023-06-17 00:05:40
28159408,2020-06-11,7617591,203541,417514,3660,3488251,45621,,,,,Worldwide,,,,2023-06-17 00:05:40
28865518,2020-06-12,7715890,98299,424587,7073,3601584,113333,,,,,Worldwide,,,,2023-06-17 00:05:40
29356304,2020-06-13,7835340,119450,427670,3083,3662834,61250,,,,,Worldwide,,,,2023-06-17 00:05:40
29863712,2020-06-14,7963453,128113,431141,3471,3733612,70778,,,,,Worldwide,,,,2023-06-17 00:05:40
30354143,2020-06-15,8085932,122479,434432,3291,3809566,75954,,,,,Worldwide,,,,2023-06-17 00:05:40
30861106,2020-06-16,8261260,175328,438453,4021,3918176,108610,,,,,Worldwide,,,,2023-06-17 00:05:40
31454902,2020-06-17,8400320,139060,445468,7015,4013202,95026,,,,,Worldwide,,,,2023-06-17 00:05:40
32032389,2020-06-18,8519543,119223,450435,4967,4109183,95981,,,,,Worldwide,,,,2023-06-17 00:05:40
32608187,2020-06-19,8716985,197442,454582,4147,4184445,75262,,,,,Worldwide,,,,2023-06-17 00:05:40
33194606,2020-06-20,8802328,85343,461206,6624,4286643,102198,,,,,Worldwide,,,,2023-06-17 00:05:40
33780214,2020-06-21,9030328,228000,464620,3414,4372440,85797,,,,,Worldwide,,,,2023-06-17 00:05:40
34412776,2020-06-22,9154232,123904,469939,5319,4475013,102573,,,,,Worldwide,,,,2023-06-17 00:05:40
34940271,2020-06-23,9237691,83459,473650,3711,4585022,110009,,,,,Worldwide,,,,2023-06-17 00:05:40
35481457,2020-06-24,9494571,256880,476911,3261,4613425,28403,,,,,Worldwide,,,,2023-06-17 00:05:40
36079943,2020-06-25,9641472,146901,484155,7244,4782910,169485,,,,,Worldwide,,,,2023-06-17 00:05:40
36691575,2020-06-26,9891727,250255,489990,5835,4865562,82652,,,,,Worldwide,,,,2023-06-17 00:05:40
37296710,2020-06-27,10044731,153004,496075,6085,5004567,139005,,,,,Worldwide,,,,2023-06-17 00:05:40
37923244,2020-06-28,10199798,155067,499892,3817,5085018,80451,,,,,Worldwide,,,,2023-06-17 00:05:40
38540643,2020-06-29,10368165,168367,502947,3055,5169421,84403,,,,,Worldwide,,,,2023-06-17 00:05:40
39017890,2020-06-30,10512383,144218,507188,4241,5284524,115103,,,,,Worldwide,,,,2023-06-17 00:05:40
39305170,2020-07-01,10694288,181905,512331,5143,5387249,102725,,,,,Worldwide,,,,2023-06-17 00:05:40
39588896,2020-07-02,10874146,179858,516210,3879,5480394,93145,,,,,Worldwide,,,,2023-06-17 00:05:40
39883714,2020-07-03,11169802,295656,521355,5145,5767410,287016,,,,,Worldwide,,,,2023-06-17 00:05:40
40158101,2020-07-04,11304534,134732,528232,6877,6010342,242932,,,,,Worldwide,,,,2023-06-17 00:05:40
40454707,2020-07-05,11483400,178866,531659,3427,6111195,100853,,,,,Worldwide,,,,2023-06-17 00:05:40
40773091,2020-07-06,11694766,211366,535027,3368,6214206,103011,,,,,Worldwide,,,,2023-06-17 00:05:40
41187470,2020-07-07,11910220,215454,540157,5130,6349542,135336,,,,,Worldwide,,,,2023-06-17 00:05:40
41493640,2020-07-08,12169400,259180,546318,6161,6506408,156866,,,,,Worldwide,,,,2023-06-17 00:05:40
41808294,2020-07-09,12373722,204322,552104,5786,6696322,189914,,,,,Worldwide,,,,2023-06-17 00:05:40
42121192,2020-07-10,12507849,134127,556863,4759,6786196,89874,,,,,Worldwide,,,,2023-06-17 00:05:40
42422452,2020-07-11,12726677,218828,560460,3597,6890914,104718,,,,,Worldwide,,,,2023-06-17 00:05:40
42736774,2020-07-12,12945505,218828,560460,0,6890914,0,,,,,Worldwide,,,,2023-06-17 00:05:40
43030172,2020-07-13,13203571,258066,571444,10984,7001675,110761,,,,,Worldwide,,,,2023-06-17 00:05:40
43478248,2020-07-14,13382020,178449,575201,3757,7331068,329393,,,,,Worldwide,,,,2023-06-17 00:05:40
43857614,2020-07-15,13654445,272425,580038,4837,7445299,114231,,,,,Worldwide,,,,2023-06-17 00:05:40
44258322,2020-07-16,13926476,272031,586174,6136,7622505,177206,,,,,Worldwide,,,,2023-06-17 00:05:40
44599052,2020-07-17,14126035,199559,593209,7035,7796508,174003,,,,,Worldwide,,,,2023-06-17 00:05:40
44941161,2020-07-18,14394056,268021,598098,4889,7931486,134978,,,,,Worldwide,,,,2023-06-17 00:05:40
45291362,2020-07-19,14608517,214461,603697,5599,8084942,153456,,,,,Worldwide,,,,2023-06-17 00:05:40
45587461,2020-07-20,14774887,166370,608420,4723,8201516,116574,,,,,Worldwide,,,,2023-06-17 00:05:40
45911736,2020-07-21,15008046,233159,611599,3179,8340042,138526,,,,,Worldwide,,,,2023-06-17 00:05:40
46246010,2020-07-22,15429889,421843,617902,6303,8511330,171288,,,,,Worldwide,,,,2023-06-17 00:05:40
46554267,2020-07-23,15628936,199047,631680,13778,8758636,247306,,,,,Worldwide,,,,2023-06-17 00:05:40
46907010,2020-07-24,15909757,280821,636262,4582,8917141,158505,,,,,Worldwide,,,,2023-06-17 00:05:40
47233887,2020-07-25,16117308,207551,641889,5627,9164700,247559,,,,,Worldwide,,,,2023-06-17 00:05:40
47556672,2020-07-26,16360298,242990,645482,3593,9289876,125176,,,,,Worldwide,,,,2023-06-17 00:05:40
47898855,2020-07-27,16605067,244769,650918,5436,9454796,164920,,,,,Worldwide,,,,2023-06-17 00:05:40
48215961,2020-07-28,16845602,240535,657337,6419,9644387,189591,,,,,Worldwide,,,,2023-06-17 00:05:40
48551108,2020-07-29,17109335,263733,662577,5240,9836182,191795,,,,,Worldwide,,,,2023-06-17 00:05:40
48867829,2020-07-30,17321394,212059,668801,6224,10000738,164556,,,,,Worldwide,,,,2023-06-17 00:05:40
49179093,2020-07-31,17594541,273147,673822,5021,10155026,154288,,,,,Worldwide,,,,2023-06-17 00:05:40
49484044,2020-08-01,17852451,257910,679439,5617,10333166,178140,,,,,Worldwide,,,,2023-06-17 00:05:40
49805367,2020-08-02,18166298,313847,679794,355,10598327,265161,,,,,Worldwide,,,,2023-06-17 00:05:40
50117435,2020-08-03,18445787,279489,690953,11159,10768016,169689,,,,,Worldwide,,,,2023-06-17 00:05:40
50411990,2020-08-04,18635877,190090,691740,787,11036083,268067,,,,,Worldwide,,,,2023-06-17 00:05:40
50718530,2020-08-05,18982658,346781,702903,11163,11206409,170326,,,,,Worldwide,,,,2023-06-17 00:05:40
51066302,2020-08-06,19160806,178148,712266,9363,11477642,271233,,,,,Worldwide,,,,2023-06-17 00:05:40
51398145,2020-08-07,19481330,320524,716083,3817,11605114,127472,,,,,Worldwide,,,,2023-06-17 00:05:40
51709870,2020-08-08,19734428,253098,723599,7516,11801847,196733,,,,,Worldwide,,,,2023-06-17 00:05:40
52032571,2020-08-09,19958036,223608,728612,5013,12001537,199690,,,,,Worldwide,,,,2023-06-17 00:05:40
52354419,2020-08-10,20185153,227117,732889,4277,12158075,156538,,,,,Worldwide,,,,2023-06-17 00:05:40
52687114,2020-08-11,20423897,238744,738800,5911,12450681,292606,,,,,Worldwide,,,,2023-06-17 00:05:40
52986471,2020-08-12,20624316,200419,744649,5849,12631548,180867,,,,,Worldwide,,,,2023-06-17 00:05:40
53301563,2020-08-13,21036943,412627,749421,4772,12831800,200252,,,,,Worldwide,,,,2023-06-17 00:05:40
53626081,2020-08-14,21280608,243665,761926,12505,13048974,217174,,,,,Worldwide,,,,2023-06-17 00:05:40
53968267,2020-08-15,21582345,301737,767422,5496,13290879,241905,,,,,Worldwide,,,,2023-06-17 00:05:40
54300153,2020-08-16,21739501,157156,773469,6047,13590831,299952,,,,,Worldwide,,,,2023-06-17 00:05:40
54628821,2020-08-17,21974393,234892,776241,2772,13702873,112042,,,,,Worldwide,,,,2023-06-17 00:05:40
54954952,2020-08-18,22218441,244048,779562,3321,13934532,231659,,,,,Worldwide,,,,2023-06-17 00:05:40
55281106,2020-08-19,22515213,296772,782883,3321,14156538,222006,,,,,Worldwide,,,,2023-06-17 00:05:40
55596022,2020-08-20,22803344,288131,789825,6942,14381048,224510,,,,,Worldwide,,,,2023-06-17 00:05:40
55925660,2020-08-21,22954220,150876,796095,6270,14596332,215284,,,,,Worldwide,,,,2023-06-17 00:05:40
56255319,2020-08-22,23309597,355377,799350,3255,14715412,119080,,,,,Worldwide,,,,2023-06-17 00:05:40
56588811,2020-08-23,23424844,115247,806543,7193,15007062,291650,,,,,Worldwide,,,,2023-06-17 00:05:40
56903851,2020-08-24,23694646,269802,808716,2173,15150767,143705,,,,,Worldwide,,,,2023-06-17 00:05:40
57225503,2020-08-25,24011502,316856,814354,5638,15381104,230337,,,,,Worldwide,,,,2023-06-17 00:05:40
57593564,2020-08-26,24288572,277070,821909,7555,15636116,255012,,,,,Worldwide,,,,2023-06-17 00:05:40
57900498,2020-08-27,24563380,274808,828070,6161,15856795,220679,,,,,Worldwide,,,,2023-06-17 00:05:40
58210875,2020-08-28,24776988,213608,833466,5396,16051454,194659,,,,,Worldwide,,,,2023-06-17 00:05:40
58498609,2020-08-29,25051178,274190,837979,4513,16227851,176397,,,,,Worldwide,,,,2023-06-17 00:05:40
58804438,2020-08-30,25334339,283161,843586,5607,16451018,223167,,,,,Worldwide,,,,2023-06-17 00:05:40
59067883,2020-08-31,25584820,250481,848084,4498,16669974,218956,,,,,Worldwide,,,,2023-06-17 00:05:40
59351710,2020-09-01,25835301,250481,848084,0,16669974,0,,,,,Worldwide,,,,2023-06-17 00:05:40
59653305,2020-09-02,26140922,305621,858661,10577,17122192,452218,,,,,Worldwide,,,,2023-06-17 00:05:40
60004390,2020-09-03,26437886,296964,865467,6806,17387319,265127,,,,,Worldwide,,,,2023-06-17 00:05:40
60346226,2020-09-04,26622706,184820,871205,5738,17573533,186214,,,,,Worldwide,,,,2023-06-17 00:05:40
60680617,2020-09-05,26961795,339089,874708,3503,17717911,144378,,,,,Worldwide,,,,2023-06-17 00:05:40
60999090,2020-09-06,27235839,274044,880955,6247,18021000,303089,,,,,Worldwide,,,,2023-06-17 00:05:40
61310529,2020-09-07,27437294,201455,890687,9732,18191761,170761,,,,,Worldwide,,,,2023-06-17 00:05:40
61589964,2020-09-08,27605560,168266,894430,3743,18415364,223603,,,,,Worldwide,,,,2023-06-17 00:05:40
61905903,2020-09-09,27933388,327828,898269,3839,18565072,149708,,,,,Worldwide,,,,2023-06-17 00:05:40
61969075,2020-09-10,28268970,335582,905181,6912,18819388,254316,,,,,Worldwide,,,,2023-06-17 00:05:40
62328780,2020-09-11,28606726,337756,911282,6101,19048042,228654,,,,,Worldwide,,,,2023-06-17 00:05:40
62720553,2020-09-12,28855994,249268,917417,6135,19288985,240943,,,,,Worldwide,,,,2023-06-17 00:05:40
63087717,2020-09-13,29145068,289074,921698,4281,19511976,222991,,,,,Worldwide,,,,2023-06-17 00:05:40
63414798,2020-09-14,29408424,263356,925947,4249,19681709,169733,,,,,Worldwide,,,,2023-06-17 00:05:40
63739017,2020-09-15,29730140,321716,931167,5220,19951166,269457,,,,,Worldwide,,,,2023-06-17 00:05:40
64101931,2020-09-16,30003378,273238,938575,7408,20202899,251733,,,,,Worldwide,,,,2023-06-17 00:05:40
64435934,2020-09-17,30290791,287413,943203,4628,20398381,195482,,,,,Worldwide,,,,2023-06-17 00:05:40
64835287,2020-09-18,30588989,298198,947919,4716,20623028,224647,,,,,Worldwide,,,,2023-06-17 00:05:40
65233756,2020-09-19,30859069,270080,953482,5563,20832830,209802,,,,,Worldwide,,,,2023-06-17 00:05:40
65637628,2020-09-20,31181782,322713,958314,4832,21099095,266265,,,,,Worldwide,,,,2023-06-17 00:05:40
66018801,2020-09-21,31453048,271266,962266,3952,21300501,201406,,,,,Worldwide,,,,2023-06-17 00:05:40
66383549,2020-09-22,31759233,306185,967347,5081,21583667,283166,,,,,Worldwide,,,,2023-06-17 00:05:40
66792413,2020-09-23,32068225,308992,973904,6557,21811742,228075,,,,,Worldwide,,,,2023-06-17 00:05:40
67185093,2020-09-24,32397479,329254,979862,5958,22059084,247342,,,,,Worldwide,,,,2023-06-17 00:05:40
67581831,2020-09-25,32636842,239363,985748,5886,22313269,254185,,,,,Worldwide,,,,2023-06-17 00:05:40
67965654,2020-09-26,32949407,312565,990134,4386,22525177,211908,,,,,Worldwide,,,,2023-06-17 00:05:40
68265390,2020-09-27,33156812,207405,995658,5524,22787799,262622,,,,,Worldwide,,,,2023-06-17 00:05:40
68655368,2020-09-28,33489205,332393,998696,3038,22961436,173637,,,,,Worldwide,,,,2023-06-17 00:05:40
69018938,2020-09-29,33785178,295973,1004278,5582,23243613,282177,,,,,Worldwide,,,,2023-06-17 00:05:40
69430834,2020-09-30,34136078,350900,1010147,5869,23448934,205321,,,,,Worldwide,,,,2023-06-17 00:05:40
69833168,2020-10-01,34450697,314619,1016970,6823,23711591,262657,,,,,Worldwide,,,,2023-06-17 00:05:40
70240693,2020-10-02,34768408,317711,1025354,8384,23914523,202932,,,,,Worldwide,,,,2023-06-17 00:05:40
70639798,2020-10-03,35011322,242914,1030880,5526,24145097,230574,,,,,Worldwide,,,,2023-06-17 00:05:40
71036840,2020-10-04,35339125,327803,1034865,3985,24364562,219465,,,,,Worldwide,,,,2023-06-17 00:05:40
71424980,2020-10-05,35654271,315146,1039120,4255,24571309,206747,,,,,Worldwide,,,,2023-06-17 00:05:40
71835886,2020-10-06,36026644,372373,1046809,7689,24834996,263687,,,,,Worldwide,,,,2023-06-17 00:05:40
72233477,2020-10-07,36372696,346052,1053357,6548,25117417,282421,,,,,Worldwide,,,,2023-06-17 00:05:40
72634866,2020-10-08,36706213,333517,1059616,6259,25334019,216602,,,,,Worldwide,,,,2023-06-17 00:05:40
73037963,2020-10-09,37019381,313168,1064420,4804,25510557,176538,,,,,Worldwide,,,,2023-06-17 00:05:40
73438171,2020-10-10,37267921,248540,1069953,5533,25711805,201248,,,,,Worldwide,,,,2023-06-17 00:05:40
73848747,2020-10-11,37706961,439040,1073780,3827,25923754,211949,,,,,Worldwide,,,,2023-06-17 00:05:40
74235060,2020-10-12,38006121,299160,1078068,4288,26172754,249000,,,,,Worldwide,,,,2023-06-17 00:05:40
74590666,2020-10-13,38351539,345418,1083875,5807,26354211,181457,,,,,Worldwide,,,,2023-06-17 00:05:40
74935625,2020-10-14,38756289,404750,1089186,5311,26540006,185795,,,,,Worldwide,,,,2023-06-17 00:05:40
75293212,2020-10-15,39126112,369823,1095216,6030,26753000,212994,,,,,Worldwide,,,,2023-06-17 00:05:40
75627026,2020-10-16,39502909,376797,1101007,5791,26956913,203913,,,,,Worldwide,,,,2023-06-17 00:05:40
75998990,2020-10-17,39803562,300653,1106705,5698,27147928,191015,,,,,Worldwide,,,,2023-06-17 00:05:40
76372960,2020-10-18,40272089,468527,1111714,5009,27353713,205785,,,,,Worldwide,,,,2023-06-17 00:05:40
76673954,2020-10-19,40652097,380008,1116167,4453,27558672,204959,,,,,Worldwide,,,,2023-06-17 00:05:40
77027677,2020-10-20,40990616,338519,1122036,5869,2782160,-24776512,,,,,Worldwide,,,,2023-06-17 00:05:40
77035667,2020-10-21,41329136,338520,1122036,0,2782160,0,,,,,Worldwide,,,,2023-06-17 00:05:40
78103542,2020-10-23,42439400,433222,1140759,9362,28423572,12820706,,,,,Worldwide,,,,2023-06-17 00:05:40
78447994,2020-10-24,42886132,446732,1147192,6433,28630738,207166,,,,,Worldwide,,,,2023-06-17 00:05:40
78767475,2020-10-25,43385581,499449,1152314,5122,28853536,222798,,,,,Worldwide,,,,2023-06-17 00:05:40
79067501,2020-10-26,43841084,455503,1157714,5400,29098191,244655,,,,,Worldwide,,,,2023-06-17 00:05:40
79418772,2020-10-27,44311674,470590,1164755,7041,29300099,201908,,,,,Worldwide,,,,2023-06-17 00:05:40
79732082,2020-10-28,44859998,548324,1171286,6531,29889942,589843,,,,,Worldwide,,,,2023-06-17 00:05:40
80126171,2020-10-29,45271624,411626,1178410,7124,30141437,251495,,,,,Worldwide,,,,2023-06-17 00:05:40
80470050,2020-10-30,45916151,644527,1183861,5451,30380635,239198,,,,,Worldwide,,,,2023-06-17 00:05:40
80810634,2020-10-31,46386903,470752,1193070,9209,29837092,-543543,,,,,Worldwide,,,,2023-06-17 00:05:40
81089996,2020-11-01,46849292,462389,1198942,5872,30944606,1107514,,,,,Worldwide,,,,2023-06-17 00:05:40
81390785,2020-11-02,47260377,411085,1204202,5260,31182478,237872,,,,,Worldwide,,,,2023-06-17 00:05:40
81710350,2020-11-03,47742312,481935,1211102,6900,31454401,271923,,,,,Worldwide,,,,2023-06-17 00:05:40
82042268,2020-11-04,48261898,519586,1219947,8845,31733172,278771,,,,,Worldwide,,,,2023-06-17 00:05:40
82376288,2020-11-05,49114225,852327,1227666,7719,32009347,276175,,,,,Worldwide,,,,2023-06-17 00:05:40
82703691,2020-11-06,49688351,574126,1239757,12091,32341811,332464,,,,,Worldwide,,,,2023-06-17 00:05:40
83015973,2020-11-07,50111147,422796,1248150,8393,32633711,291900,,,,,Worldwide,,,,2023-06-17 00:05:40
83326535,2020-11-08,50752354,641207,1253707,5557,32892365,258654,,,,,Worldwide,,,,2023-06-17 00:05:40
83586128,2020-11-09,51292597,540243,1261306,7599,33150116,257751,,,,,Worldwide,,,,2023-06-17 00:05:40
83908320,2020-11-10,51975458,682861,1269199,7893,33400848,250732,,,,,Worldwide,,,,2023-06-17 00:05:40
84249738,2020-11-11,52331462,356004,1281309,12110,33785432,384584,,,,,Worldwide,,,,2023-06-17 00:05:40
84537497,2020-11-12,53211792,880330,1287966,6657,34043712,258280,,,,,Worldwide,,,,2023-06-17 00:05:40
84838420,2020-11-13,53788566,576774,1300076,12110,34296757,253045,,,,,Worldwide,,,,2023-06-17 00:05:40
85176078,2020-11-14,54184358,395792,1308725,8649,34660180,363423,,,,,Worldwide,,,,2023-06-17 00:05:40
85510162,2020-11-15,54814867,630509,1314904,6179,34830992,170812,,,,,Worldwide,,,,2023-06-17 00:05:40
85789187,2020-11-16,55333374,518507,1322963,8059,35127472,296480,,,,,Worldwide,,,,2023-06-17 00:05:40
86107443,2020-11-17,56024130,690756,1332390,9427,35613120,485648,,,,,Worldwide,,,,2023-06-17 00:05:40
86374459,2020-11-18,56435244,411114,1345639,13249,35969240,356120,,,,,Worldwide,,,,2023-06-17 00:05:40
86750273,2020-11-19,57427358,992114,1352775,7136,36291080,321840,,,,,Worldwide,,,,2023-06-17 00:05:40
87043979,2020-11-20,57974667,547309,1369767,16992,36731430,440350,,,,,Worldwide,,,,2023-06-17 00:05:40
87347666,2020-11-21,58521493,546826,1378411,8644,37073704,342274,,,,,Worldwide,,,,2023-06-17 00:05:40
87637870,2020-11-22,59070488,548995,1386051,7640,37402009,328305,,,,,Worldwide,,,,2023-06-17 00:05:40
87914118,2020-11-23,59597658,527170,1394694,8643,37691380,289371,,,,,Worldwide,,,,2023-06-17 00:05:40
88189431,2020-11-24,60234023,636365,1405788,11094,38097904,406524,,,,,Worldwide,,,,2023-06-17 00:05:40
88445389,2020-11-25,60818781,584758,1418224,12436,38470416,372512,,,,,Worldwide,,,,2023-06-17 00:05:40
88722402,2020-11-26,61501092,682311,1428951,10727,38926641,456225,,,,,Worldwide,,,,2023-06-17 00:05:40
89021724,2020-11-27,62084566,583474,1440506,11555,39275505,348864,,,,,Worldwide,,,,2023-06-17 00:05:40
89282404,2020-11-28,62616821,532255,1449642,9136,39665623,390118,,,,,Worldwide,,,,2023-06-17 00:05:40
89531653,2020-11-29,63118430,501609,1457859,8217,40016926,351303,,,,,Worldwide,,,,2023-06-17 00:05:40
89786198,2020-11-30,63650135,531705,1465492,7633,40344258,327332,,,,,Worldwide,,,,2023-06-17 00:05:40
90059923,2020-12-01,64293447,643312,1476396,10904,40812450,468192,,,,,Worldwide,,,,2023-06-17 00:05:40
90294014,2020-12-02,65016336,722889,1488321,11925,41258010,445560,,,,,Worldwide,,,,2023-06-17 00:05:40
90664746,2020-12-03,65686172,669836,1502728,14407,41731105,473095,,,,,Worldwide,,,,2023-06-17 00:05:40
91015664,2020-12-04,66250018,563846,1514549,11821,42156580,425475,,,,,Worldwide,,,,2023-06-17 00:05:40
91343326,2020-12-05,66974627,724609,1524569,10020,42542126,385546,,,,,Worldwide,,,,2023-06-17 00:05:40
91700307,2020-12-06,67316936,342309,1534692,10123,42981515,439389,,,,,Worldwide,,,,2023-06-17 00:05:40
92031708,2020-12-07,68131040,814104,1539965,5273,43249276,267761,,,,,Worldwide,,,,2023-06-17 00:05:40
92438394,2020-12-08,68498598,367558,1554768,14803,43811551,562275,,,,,Worldwide,,,,2023-06-17 00:05:40
92862162,2020-12-09,69483855,985257,1562886,8118,44171660,360109,,,,,Worldwide,,,,2023-06-17 00:05:40
93188035,2020-12-10,70025535,541680,1580006,17120,44688463,516803,,,,,Worldwide,,,,2023-06-17 00:05:40
93517943,2020-12-11,71541897,1516362,1590323,10317,45070225,381762,,,,,Worldwide,,,,2023-06-17 00:05:40
93851928,2020-12-12,72126085,584188,1602500,12177,45680439,610214,,,,,Worldwide,,,,2023-06-17 00:05:40
94185933,2020-12-13,72221634,95549,1611344,8844,47139173,1458734,,,,,Worldwide,,,,2023-06-17 00:05:40
94351911,2020-12-14,73107224,885590,1612014,670,47218235,79062,,,,,Worldwide,,,,2023-06-17 00:05:40
95185724,2020-12-16,74724989,732175,1645136,16561,41887210,-2665514,,,,,Worldwide,,,,2023-06-17 00:05:40
95543781,2020-12-17,75179482,454493,1657706,12570,42193884,306674,,,,,Worldwide,,,,2023-06-17 00:05:40
95866398,2020-12-18,76085068,905586,1667124,9418,42512618,318734,,,,,Worldwide,,,,2023-06-17 00:05:40
96223911,2020-12-19,76531725,446657,1682143,15019,42957535,444917,,,,,Worldwide,,,,2023-06-17 00:05:40
96531950,2020-12-20,77188346,656621,1689925,7782,43179943,222408,,,,,Worldwide,,,,2023-06-17 00:05:40
96889221,2020-12-21,77801721,613375,1699285,9360,43522242,342299,,,,,Worldwide,,,,2023-06-17 00:05:40
97220132,2020-12-22,78471775,670054,1713109,13824,43894903,372661,,,,,Worldwide,,,,2023-06-17 00:05:40
97559951,2020-12-23,79260455,788680,1725959,12850,44219799,324896,,,,,Worldwide,,,,2023-06-17 00:05:40
97919394,2020-12-24,79766525,506070,1739962,14003,44642816,423017,,,,,Worldwide,,,,2023-06-17 00:05:40
98268015,2020-12-25,80229602,463077,1748715,8753,44932522,289706,,,,,Worldwide,,,,2023-06-17 00:05:40
98629350,2020-12-26,80694954,465352,1755940,7225,45338147,405625,,,,,Worldwide,,,,2023-06-17 00:05:40
98993535,2020-12-27,81114788,419834,1763133,7193,45614015,275868,,,,,Worldwide,,,,2023-06-17 00:05:40
99370285,2020-12-28,81867031,752243,1770562,7429,45867925,253910,,,,,Worldwide,,,,2023-06-17 00:05:40
99754817,2020-12-29,82510560,643529,1786057,15495,46239512,371587,,,,,Worldwide,,,,2023-06-17 00:05:40
100096505,2020-12-30,83338512,827952,1800400,14343,46640066,400554,,,,,Worldwide,,,,2023-06-17 00:05:40
100472829,2020-12-31,83892131,553619,1815864,15464,46993335,353269,,,,,Worldwide,,,,2023-06-17 00:05:40
100870307,2021-01-01,84407031,514900,1825810,9946,47248015,254680,,,,,Worldwide,,,,2023-06-17 00:05:40
101240047,2021-01-02,84985054,578023,1833188,7378,47509473,261458,,,,,Worldwide,,,,2023-06-17 00:05:40
101640593,2021-01-03,85555275,570221,1841077,7889,47777565,268092,,,,,Worldwide,,,,2023-06-17 00:05:40
102051770,2021-01-04,86195556,640281,1849904,8827,48058025,280460,,,,,Worldwide,,,,2023-06-17 00:05:40
102473808,2021-01-05,86752314,556758,1863653,13749,48409904,351879,,,,,Worldwide,,,,2023-06-17 00:05:40
102850512,2021-01-06,87912740,1160426,1875320,11667,48637236,227332,,,,,Worldwide,,,,2023-06-17 00:05:40
103219533,2021-01-07,88203229,290489,1895389,20069,49013164,375928,,,,,Worldwide,,,,2023-06-17 00:05:40
103578235,2021-01-08,89396983,1193754,1901510,6121,49203004,189840,,,,,Worldwide,,,,2023-06-17 00:05:40
103917379,2021-01-09,90005787,608804,1921952,20442,49650452,447448,,,,,Worldwide,,,,2023-06-17 00:05:40
104278484,2021-01-10,90724811,719024,1931382,9430,49885280,234828,,,,,Worldwide,,,,2023-06-17 00:05:40
104643372,2021-01-11,91383544,658733,1941143,9761,50167081,281801,,,,,Worldwide,,,,2023-06-17 00:05:40
105017520,2021-01-12,92111432,727888,1956752,15609,50537895,370814,,,,,Worldwide,,,,2023-06-17 00:05:40
105377012,2021-01-13,92850683,739251,1973059,16307,50896076,358181,,,,,Worldwide,,,,2023-06-17 00:05:40
105778966,2021-01-14,93275676,424993,1988290,15231,51228917,332841,,,,,Worldwide,,,,2023-06-17 00:05:40
106186981,2021-01-15,94166923,891247,2000905,12615,51500681,271764,,,,,Worldwide,,,,2023-06-17 00:05:40
106579023,2021-01-16,94955779,788856,2015630,14725,51859334,358653,,,,,Worldwide,,,,2023-06-17 00:05:40
106950436,2021-01-17,95475781,520002,2029032,13402,52240858,381524,,,,,Worldwide,,,,2023-06-17 00:05:40
107321424,2021-01-18,96058991,583210,2038325,9293,52575519,334661,,,,,Worldwide,,,,2023-06-17 00:05:40
107720340,2021-01-19,96640644,581653,2053384,15059,52894168,318649,,,,,Worldwide,,,,2023-06-17 00:05:40
108075685,2021-01-20,97268568,627924,2068921,15537,53267010,372842,,,,,Worldwide,,,,2023-06-17 00:05:40
108423605,2021-01-21,98100314,831746,2084012,15091,53588790,321780,,,,,Worldwide,,,,2023-06-17 00:05:40
108740652,2021-01-22,98572942,472628,2104469,20457,54037317,448527,,,,,Worldwide,,,,2023-06-17 00:05:40
109065260,2021-01-23,99056336,483394,2116101,11632,54359532,322215,,,,,Worldwide,,,,2023-06-17 00:05:40
109408223,2021-01-24,99587084,530748,2125917,9816,54645793,286261,,,,,Worldwide,,,,2023-06-17 00:05:40
109763142,2021-01-25,100201258,614174,2136559,10642,54920146,274353,,,,,Worldwide,,,,2023-06-17 00:05:40
110126955,2021-01-26,100584555,383297,2154530,17971,55316924,396778,,,,,Worldwide,,,,2023-06-17 00:05:40
110452033,2021-01-27,101371256,786701,2166299,11769,55599107,282183,,,,,Worldwide,,,,2023-06-17 00:05:40
110763538,2021-01-28,101860188,488932,2187659,21360,55984485,385378,,,,,Worldwide,,,,2023-06-17 00:05:40
111087661,2021-01-29,102403247,543059,2200432,12773,56246379,261894,,,,,Worldwide,,,,2023-06-17 00:05:40
111389083,2021-01-30,102871614,468367,2214613,14181,56654869,408490,,,,,Worldwide,,,,2023-06-17 00:05:40
111713393,2021-01-31,103333479,461865,2225773,11160,56981674,326805,,,,,Worldwide,,,,2023-06-17 00:05:40
112003814,2021-02-01,103572661,239182,2235401,9628,57258433,276759,,,,,Worldwide,,,,2023-06-17 00:05:40
112321219,2021-02-02,104248610,675949,2243638,8237,57502710,244277,,,,,Worldwide,,,,2023-06-17 00:05:40
112630912,2021-02-03,104684395,435785,2263792,20154,57893288,390578,,,,,Worldwide,,,,2023-06-17 00:05:40
112947619,2021-02-04,105223208,538813,2277590,13798,58164975,271687,,,,,Worldwide,,,,2023-06-17 00:05:40
113273074,2021-02-05,105700191,476983,2293263,15673,58500396,335421,,,,,Worldwide,,,,2023-06-17 00:05:40
113585221,2021-02-06,106014623,314432,2306818,13555,58826515,326119,,,,,Worldwide,,,,2023-06-17 00:05:40
113889491,2021-02-07,106420830,406207,2313792,6974,59081354,254839,,,,,Worldwide,,,,2023-06-17 00:05:40
114215770,2021-02-08,106643519,222689,2323540,9748,59305523,224169,,,,,Worldwide,,,,2023-06-17 00:05:40
114523584,2021-02-09,107166785,523266,2330839,7299,59549395,243872,,,,,Worldwide,,,,2023-06-17 00:05:40
114832368,2021-02-10,107458667,291882,2348421,17582,59908386,358991,,,,,Worldwide,,,,2023-06-17 00:05:40
115125952,2021-02-11,108043938,585271,2357475,9054,60136468,228082,,,,,Worldwide,,,,2023-06-17 00:05:40
115544449,2021-02-12,108442250,398312,2377988,20513,60504739,368271,,,,,Worldwide,,,,2023-06-17 00:05:40
116187238,2021-02-13,108753721,311471,2390448,12460,60792545,287806,,,,,Worldwide,,,,2023-06-17 00:05:40
116822870,2021-02-14,109067558,313837,2398773,8325,61031525,238980,,,,,Worldwide,,,,2023-06-17 00:05:40
117418259,2021-02-15,109246204,178646,2405546,6773,61277452,245927,,,,,Worldwide,,,,2023-06-17 00:05:40
118018296,2021-02-16,109859193,612989,2410455,4909,61432383,154931,,,,,Worldwide,,,,2023-06-17 00:05:40
118341300,2021-02-17,110242443,383250,2428021,17566,61839534,407151,,,,,Worldwide,,,,2023-06-17 00:05:40
118652391,2021-02-18,110547030,304587,2439127,11106,62062504,222970,,,,,Worldwide,,,,2023-06-17 00:05:40
118828105,2021-02-19,110903820,356790,2447615,8488,62261377,198873,,,,,Worldwide,,,,2023-06-17 00:05:40
118990991,2021-02-20,111277667,373847,2456069,8454,62511665,250288,,,,,Worldwide,,,,2023-06-17 00:05:40
119163684,2021-02-21,111434139,156472,2464390,8321,62783718,272053,,,,,Worldwide,,,,2023-06-17 00:05:40
119344965,2021-02-22,111974905,540766,2467481,3091,62896305,112587,,,,,Worldwide,,,,2023-06-17 00:05:40
119512350,2021-02-23,112419536,444631,2481140,13659,63201288,304983,,,,,Worldwide,,,,2023-06-17 00:05:40
119685480,2021-02-24,112716833,297297,2492420,11280,63440310,239022,,,,,Worldwide,,,,2023-06-17 00:05:40
119855692,2021-02-25,113161929,445096,2500770,8350,63597985,157675,,,,,Worldwide,,,,2023-06-17 00:05:40
120033655,2021-02-26,113727033,565104,2510955,10185,63860665,262680,,,,,Worldwide,,,,2023-06-17 00:05:40
120231953,2021-02-27,113986374,259341,2523703,12748,64167250,306585,,,,,Worldwide,,,,2023-06-17 00:05:40
120384633,2021-02-28,114350611,364237,2528993,5290,64379512,212262,,,,,Worldwide,,,,2023-06-17 00:05:40
120544475,2021-03-01,114706724,356113,2536865,7872,64530988,151476,,,,,Worldwide,,,,2023-06-17 00:05:40
120691899,2021-03-02,114996913,290189,2544852,7987,64781391,250403,,,,,Worldwide,,,,2023-06-17 00:05:40
120845627,2021-03-03,115467624,470711,2554914,10062,65034400,253009,,,,,Worldwide,,,,2023-06-17 00:05:40
121028695,2021-03-04,115781179,313555,2565369,10455,65296409,262009,,,,,Worldwide,,,,2023-06-17 00:05:40
121197800,2021-03-05,116169119,387940,2572353,6984,65496667,200258,,,,,Worldwide,,,,2023-06-17 00:05:40
121359113,2021-03-06,116600908,431789,2582075,9722,65695020,198353,,,,,Worldwide,,,,2023-06-17 00:05:40
121504792,2021-03-07,117060462,459554,2589638,7563,65920692,225672,,,,,Worldwide,,,,2023-06-17 00:05:40
121666777,2021-03-08,117424768,364306,2597318,7680,66132420,211728,,,,,Worldwide,,,,2023-06-17 00:05:40
121809678,2021-03-09,117764619,339851,2608231,10913,66550065,417645,,,,,Worldwide,,,,2023-06-17 00:05:40
121980468,2021-03-10,118119333,354714,2613747,5516,66737497,187432,,,,,Worldwide,,,,2023-06-17 00:05:40
122124149,2021-03-11,118910684,791351,2621944,8197,66926960,189463,,,,,Worldwide,,,,2023-06-17 00:05:40
122268470,2021-03-12,119335338,424654,2634989,13045,67329604,402644,,,,,Worldwide,,,,2023-06-17 00:05:40
122572264,2021-03-13,119764490,429152,2644090,9101,67561626,232022,,,,,Worldwide,,,,2023-06-17 00:05:40
122768659,2021-03-14,119848281,83791,2651578,7488,67814414,252788,,,,,Worldwide,,,,2023-06-17 00:05:40
122965672,2021-03-15,120505974,657693,2653641,2063,67895864,81450,,,,,Worldwide,,,,2023-06-17 00:05:40
123161449,2021-03-16,121002099,496125,2665597,11956,68325205,429341,,,,,Worldwide,,,,2023-06-17 00:05:40
123356915,2021-03-17,121585388,583289,2675521,9924,68635168,309963,,,,,Worldwide,,,,2023-06-17 00:05:40
123490777,2021-03-18,121882440,297052,2685770,10249,68888923,253755,,,,,Worldwide,,,,2023-06-17 00:05:40
123606163,2021-03-19,122423426,540986,2692806,7036,69033271,144348,,,,,Worldwide,,,,2023-06-17 00:05:40
123728559,2021-03-20,122964412,540986,2692806,0,69033271,0,,,,,Worldwide,,,,2023-06-17 00:05:40
123848362,2021-03-21,123516699,552287,2711747,18941,69647959,614688,,,,,Worldwide,,,,2023-06-17 00:05:40
123996847,2021-03-22,123924888,408189,2719703,7956,69975879,327920,,,,,Worldwide,,,,2023-06-17 00:05:40
124072941,2021-03-23,124378693,453805,2727640,7937,70320511,344632,,,,,Worldwide,,,,2023-06-17 00:05:40
124091100,2021-03-24,124683860,305167,2736980,9340,70573246,252735,,,,,Worldwide,,,,2023-06-17 00:05:40
124094229,2021-03-25,125367928,684068,2742357,5377,70731505,158259,,,,,Worldwide,,,,2023-06-17 00:05:40
124195400,2021-03-30,128421931,317715,2801695,11868,72645238,382750,,,,,Worldwide,,,,2023-06-17 00:05:40
124324967,2021-03-31,129317945,896014,2807094,5399,72860502,215264,,,,,Worldwide,,,,2023-06-17 00:05:40
124481075,2021-04-01,130101770,783825,2821367,14273,73313131,452629,,,,,Worldwide,,,,2023-06-17 00:05:40
124633339,2021-04-02,130566186,464416,2836220,14853,73683975,370844,,,,,Worldwide,,,,2023-06-17 00:05:40
124785756,2021-04-03,130969721,403535,2842363,6143,73979197,295222,,,,,Worldwide,,,,2023-06-17 00:05:40
124938033,2021-04-04,131593180,623459,2849208,6845,74318541,339344,,,,,Worldwide,,,,2023-06-17 00:05:40
125090250,2021-04-05,132024928,431748,2856632,7424,74679417,360876,,,,,Worldwide,,,,2023-06-17 00:05:40
125238867,2021-04-06,132456676,431748,2856632,0,74679417,0,,,,,Worldwide,,,,2023-06-17 00:05:40
125482652,2021-04-07,132929832,473156,2873821,17189,75221481,542064,,,,,Worldwide,,,,2023-06-17 00:05:40
125730596,2021-04-08,134038180,1108348,2885401,11580,75436505,215024,,,,,Worldwide,,,,2023-06-17 00:05:40
125966570,2021-04-09,135030164,991984,2904554,19153,76188622,752117,,,,,Worldwide,,,,2023-06-17 00:05:40
126207392,2021-04-10,135756507,726343,2920537,15983,76746058,557436,,,,,Worldwide,,,,2023-06-17 00:05:40
126440122,2021-04-11,136315604,559097,2932192,11655,77204630,458572,,,,,Worldwide,,,,2023-06-17 00:05:40
126693115,2021-04-12,136840796,525192,2940833,8641,77593298,388668,,,,,Worldwide,,,,2023-06-17 00:05:40
126920249,2021-04-13,137847272,1006476,2949096,8263,77935627,342329,,,,,Worldwide,,,,2023-06-17 00:05:40
127171599,2021-04-14,138340920,493648,2965199,16103,78548136,612509,,,,,Worldwide,,,,2023-06-17 00:05:40
127432576,2021-04-15,139274615,933695,2974830,9631,78785642,237506,,,,,Worldwide,,,,2023-06-17 00:05:40
127676419,2021-04-16,140379953,1105338,2989590,14760,79359218,573576,,,,,Worldwide,,,,2023-06-17 00:05:40
127911611,2021-04-17,141015440,635487,3007708,18118,79972688,613470,,,,,Worldwide,,,,2023-06-17 00:05:40
128138776,2021-04-18,141684613,669173,3014805,7097,80500382,527694,,,,,Worldwide,,,,2023-06-17 00:05:40
128409968,2021-04-19,142468444,783831,3024290,9485,81018628,518246,,,,,Worldwide,,,,2023-06-17 00:05:40
128691222,2021-04-20,143012106,543662,3036100,11810,81617010,598382,,,,,Worldwide,,,,2023-06-17 00:05:40
128963207,2021-04-21,144025288,1013182,3046149,10049,81979884,362874,,,,,Worldwide,,,,2023-06-17 00:05:40
129221911,2021-04-22,144804485,779197,3062087,15938,82570488,590604,,,,,Worldwide,,,,2023-06-17 00:05:40
129484038,2021-04-23,145943305,1138820,3073868,11781,83220681,650193,,,,,Worldwide,,,,2023-06-17 00:05:40
129737299,2021-04-24,146628322,685017,3091553,17685,84040856,820175,,,,,Worldwide,,,,2023-06-17 00:05:40
129995094,2021-04-25,147325436,697114,3102588,11035,84489495,448639,,,,,Worldwide,,,,2023-06-17 00:05:40
130262767,2021-04-26,148190387,864951,3112206,9618,85028957,539462,,,,,Worldwide,,,,2023-06-17 00:05:40
130518605,2021-04-27,149036962,846575,3126361,14155,85879081,850124,,,,,Worldwide,,,,2023-06-17 00:05:40
130777344,2021-04-28,149945664,908702,3141143,14782,86485444,606363,,,,,Worldwide,,,,2023-06-17 00:05:40
131034308,2021-04-29,150848483,902819,3156408,15265,87129309,643865,,,,,Worldwide,,,,2023-06-17 00:05:40
131295303,2021-04-30,151517785,669302,3171896,15488,87865172,735863,,,,,Worldwide,,,,2023-06-17 00:05:40
131556350,2021-05-01,152199538,681753,3182915,11019,88399777,534605,,,,,Worldwide,,,,2023-06-17 00:05:40
131809749,2021-05-02,152875042,675504,3192613,9698,89931151,1531374,,,,,Worldwide,,,,2023-06-17 00:05:40
132079900,2021-05-03,153819254,944212,3202699,10086,89625669,-305482,,,,,Worldwide,,,,2023-06-17 00:05:40
132335316,2021-05-04,154469379,650125,3218906,16207,90520099,894430,,,,,Worldwide,,,,2023-06-17 00:05:40
132577545,2021-05-05,155475984,1006605,3230336,11430,91045189,525090,,,,,Worldwide,,,,2023-06-17 00:05:40
132791923,2021-05-06,156433646,957662,3247557,17221,91855975,810786,,,,,Worldwide,,,,2023-06-17 00:05:40
133052137,2021-05-07,157113663,680017,3263874,16317,92597101,741126,,,,,Worldwide,,,,2023-06-17 00:05:40
133299849,2021-05-08,157703626,589963,3274385,10511,93217307,620206,,,,,Worldwide,,,,2023-06-17 00:05:40
133545224,2021-05-09,158517386,813760,3283422,9037,93741151,523844,,,,,Worldwide,,,,2023-06-17 00:05:40
133786930,2021-05-10,159268576,751190,3296584,13162,94553699,812548,,,,,Worldwide,,,,2023-06-17 00:05:40
134027228,2021-05-11,159845155,576579,3311504,14920,95242254,688555,,,,,Worldwide,,,,2023-06-17 00:05:40
134248282,2021-05-12,160743894,898739,3321212,9708,95897262,655008,,,,,Worldwide,,,,2023-06-17 00:05:40
134407099,2021-05-13,161290797,546903,3338355,17143,95897262,0,,,,,Worldwide,,,,2023-06-17 00:05:40
134562576,2021-05-14,162017106,726309,3347183,8828,,,,,,,Worldwide,,,,2023-06-17 00:05:40
134779332,2021-05-15,162738904,721798,3360359,13176,,,,,,,Worldwide,,,,2023-06-17 00:05:40
135035980,2021-05-16,163161728,422824,3374087,13728,,,,,,,Worldwide,,,,2023-06-17 00:05:40
135285121,2021-05-17,163816596,654868,3381269,7182,,,,,,,Worldwide,,,,2023-06-17 00:05:40
135537398,2021-05-18,164464039,647443,3395193,13924,,,,,,,Worldwide,,,,2023-06-17 00:05:40
135788697,2021-05-19,165091142,627103,3409471,14278,,,,,,,Worldwide,,,,2023-06-17 00:05:40
136049478,2021-05-20,165848289,757147,3421514,12043,,,,,,,Worldwide,,,,2023-06-17 00:05:40
136291681,2021-05-21,166195983,347694,3437836,16322,,,,,,,Worldwide,,,,2023-06-17 00:05:40
136518222,2021-05-22,166839883,643900,3444498,6662,,,,,,,Worldwide,,,,2023-06-17 00:05:40
136772282,2021-05-23,167243444,403561,3456780,12282,,,,,,,Worldwide,,,,2023-06-17 00:05:40
137006407,2021-05-24,167411409,167965,3465348,8568,,,,,,,Worldwide,,,,2023-06-17 00:05:40
137240075,2021-05-25,167951168,539759,3475817,10469,,,,,,,Worldwide,,,,2023-06-17 00:05:40
137485247,2021-05-26,168502092,550924,3488242,12425,,,,,,,Worldwide,,,,2023-06-17 00:05:40
137732444,2021-05-27,169071044,568952,3500383,12141,,,,,,,Worldwide,,,,2023-06-17 00:05:40
137976043,2021-05-28,169612445,541401,3513320,12937,,,,,,,Worldwide,,,,2023-06-17 00:05:40
138197339,2021-05-29,170044172,431727,3526058,12738,,,,,,,Worldwide,,,,2023-06-17 00:05:40
138419843,2021-05-30,170471070,426898,3535383,9325,,,,,,,Worldwide,,,,2023-06-17 00:05:40
138634574,2021-05-31,170865698,394628,3544118,8735,,,,,,,Worldwide,,,,2023-06-17 00:05:40
138879498,2021-06-01,171335846,470148,3552788,8670,,,,,,,Worldwide,,,,2023-06-17 00:05:40
139097141,2021-06-02,171784138,448292,3683428,,,,,,,,Worldwide,,,,2023-06-17 00:05:40
139262461,2021-06-03,172293942,509804,3693798,10370,,,,,,,Worldwide,,,,2023-06-17 00:05:40
139493808,2021-06-04,172851292,557350,3704724,10926,,,,,,,Worldwide,,,,2023-06-17 00:05:40
139717216,2021-06-05,173101490,250198,3718190,13466,,,,,,,Worldwide,,,,2023-06-17 00:05:40
139938126,2021-06-06,173427800,326310,3724017,5827,,,,,,,Worldwide,,,,2023-06-17 00:05:40
140133613,2021-06-07,173709075,281275,3731634,7617,,,,,,,Worldwide,,,,2023-06-17 00:05:40
140379995,2021-06-08,174138129,429054,3739443,7809,,,,,,,Worldwide,,,,2023-06-17 00:05:40
140580142,2021-06-09,174509849,371720,3750463,11020,,,,,,,Worldwide,,,,2023-06-17 00:05:40
140798583,2021-06-10,174949567,439718,3759536,9073,,,,,,,Worldwide,,,,2023-06-17 00:05:40
141025641,2021-06-11,175363380,413813,3775261,15725,,,,,,,Worldwide,,,,2023-06-17 00:05:40
141232592,2021-06-12,175668875,305495,3786968,11707,,,,,,,Worldwide,,,,2023-06-17 00:05:40
141453976,2021-06-13,176037471,368596,3795554,8586,,,,,,,Worldwide,,,,2023-06-17 00:05:40
141692372,2021-06-14,176412684,375213,3805611,10057,,,,,,,Worldwide,,,,2023-06-17 00:05:40
141911476,2021-06-15,176773897,361213,3815164,9553,,,,,,,Worldwide,,,,2023-06-17 00:05:40
142124572,2021-06-16,177120609,346712,3825114,9950,,,,,,,Worldwide,,,,2023-06-17 00:05:40
142341345,2021-06-17,177588390,467781,3834951,9837,,,,,,,Worldwide,,,,2023-06-17 00:05:40
142553317,2021-06-18,177967293,378903,3845051,10100,,,,,,,Worldwide,,,,2023-06-17 00:05:40
142757624,2021-06-19,178333628,366335,3853964,8913,,,,,,,Worldwide,,,,2023-06-17 00:05:40
142950097,2021-06-20,178629126,295498,3862271,8307,,,,,,,Worldwide,,,,2023-06-17 00:05:40
143133250,2021-06-21,178840744,211618,3868643,6372,,,,,,,Worldwide,,,,2023-06-17 00:05:40
143325244,2021-06-22,179330862,490118,3874630,5987,,,,,,,Worldwide,,,,2023-06-17 00:05:40
143547658,2021-06-23,179723542,392680,3885531,10901,,,,,,,Worldwide,,,,2023-06-17 00:05:40
143746830,2021-06-24,180156623,433081,3894122,8591,,,,,,,Worldwide,,,,2023-06-17 00:05:40
143972473,2021-06-25,180532370,375747,3903389,9267,,,,,,,Worldwide,,,,2023-06-17 00:05:40
144190612,2021-06-26,180948026,415656,3911692,8303,,,,,,,Worldwide,,,,2023-06-17 00:05:40
144415089,2021-06-27,181230014,281988,3919969,8277,,,,,,,Worldwide,,,,2023-06-17 00:05:40
144642487,2021-06-28,181601477,371463,3925445,5476,,,,,,,Worldwide,,,,2023-06-17 00:05:40
144876295,2021-06-29,182009062,407585,3932925,7480,,,,,,,Worldwide,,,,2023-06-17 00:05:40
145100471,2021-06-30,182420108,411046,3941475,8550,,,,,,,Worldwide,,,,2023-06-17 00:05:40
145324423,2021-07-01,182867501,447393,3950309,8834,,,,,,,Worldwide,,,,2023-06-17 00:05:40
145568315,2021-07-02,183271983,404482,3959094,8785,,,,,,,Worldwide,,,,2023-06-17 00:05:40
145753475,2021-07-03,183647224,375241,3966551,7457,,,,,,,Worldwide,,,,2023-06-17 00:05:40
145955664,2021-07-04,184004202,356978,3973845,7294,,,,,,,Worldwide,,,,2023-06-17 00:05:40
146125528,2021-07-05,184394772,390570,3980139,6294,,,,,,,Worldwide,,,,2023-06-17 00:05:40
146306473,2021-07-06,184856788,462016,3988239,8100,,,,,,,Worldwide,,,,2023-06-17 00:05:40
146501332,2021-07-07,185078882,222094,3996940,8701,,,,,,,Worldwide,,,,2023-06-17 00:05:40
146723650,2021-07-08,185663348,584466,4001791,4851,,,,,,,Worldwide,,,,2023-06-17 00:05:40
146930968,2021-07-09,186082418,419070,4012659,10868,,,,,,,Worldwide,,,,2023-06-17 00:05:40
147182481,2021-07-10,186607396,524978,4019368,6709,,,,,,,Worldwide,,,,2023-06-17 00:05:40
147421260,2021-07-11,186762453,155057,4027601,8233,,,,,,,Worldwide,,,,2023-06-17 00:05:40
147513121,2021-07-12,187446896,684443,4030918,3317,,,,,,,Worldwide,,,,2023-06-17 00:05:40
147771813,2021-07-14,188477293,345941,4053615,11349,,,,,,,Worldwide,,,,2023-06-17 00:05:40
148043423,2021-07-15,189239053,761760,4060292,6677,,,,,,,Worldwide,,,,2023-06-17 00:05:40
148284484,2021-07-16,189780227,541174,4070341,10049,,,,,,,Worldwide,,,,2023-06-17 00:05:40
148541860,2021-07-17,190280826,500599,4078856,8515,,,,,,,Worldwide,,,,2023-06-17 00:05:40
148796757,2021-07-18,190526225,245399,4086246,7390,,,,,,,Worldwide,,,,2023-06-17 00:05:40
149050126,2021-07-19,191216295,690070,4091672,5426,,,,,,,Worldwide,,,,2023-06-17 00:05:40
149304056,2021-07-20,191626825,410530,4101590,9918,,,,,,,Worldwide,,,,2023-06-17 00:05:40
149548699,2021-07-21,192054106,427281,4122004,20414,,,,,,,Worldwide,,,,2023-06-17 00:05:40
149803178,2021-07-22,192939490,885384,4128058,6054,,,,,,,Worldwide,,,,2023-06-17 00:05:40
150057349,2021-07-23,193165622,226132,4140700,12642,,,,,,,Worldwide,,,,2023-06-17 00:05:40
150303263,2021-07-24,193979302,813680,4143105,2405,,,,,,,Worldwide,,,,2023-06-17 00:05:40
150547569,2021-07-25,194354288,374986,4156401,13296,,,,,,,Worldwide,,,,2023-06-17 00:05:40
150747838,2021-07-26,194995684,641396,4163220,6819,,,,,,,Worldwide,,,,2023-06-17 00:05:40
150919374,2021-07-27,195498370,502686,4172822,9602,,,,,,,Worldwide,,,,2023-06-17 00:05:40
151110332,2021-07-28,196040884,542514,4180770,7948,,,,,,,Worldwide,,,,2023-06-17 00:05:40
151300289,2021-07-29,196995824,954940,4188536,7766,,,,,,,Worldwide,,,,2023-06-17 00:05:40
151488450,2021-07-30,197667583,671759,4203926,15390,,,,,,,Worldwide,,,,2023-06-17 00:05:40
151676522,2021-07-31,198182570,514987,4214100,10174,,,,,,,Worldwide,,,,2023-06-17 00:05:40
151854672,2021-08-01,198614523,431953,4222338,8238,,,,,,,Worldwide,,,,2023-06-17 00:05:40
152035079,2021-08-02,199299103,684580,4229142,6804,,,,,,,Worldwide,,,,2023-06-17 00:05:40
152222815,2021-08-03,200046509,747406,4241509,12367,,,,,,,Worldwide,,,,2023-06-17 00:05:40
152398730,2021-08-04,200670720,624211,4253059,11550,,,,,,,Worldwide,,,,2023-06-17 00:05:40
152574572,2021-08-05,201430552,759832,4263828,10769,,,,,,,Worldwide,,,,2023-06-17 00:05:40
152742661,2021-08-06,202002134,571582,4274316,10488,,,,,,,Worldwide,,,,2023-06-17 00:05:40
152918429,2021-08-07,202598167,596033,4283150,8834,,,,,,,Worldwide,,,,2023-06-17 00:05:40
153095214,2021-08-08,203205809,607642,4292160,9010,,,,,,,Worldwide,,,,2023-06-17 00:05:40
153272223,2021-08-09,203802993,597184,4300070,7910,,,,,,,Worldwide,,,,2023-06-17 00:05:40
153450710,2021-08-10,204575521,772528,4310553,10483,,,,,,,Worldwide,,,,2023-06-17 00:05:40
153621458,2021-08-11,205221336,645815,4322282,11729,,,,,,,Worldwide,,,,2023-06-17 00:05:40
153794671,2021-08-12,205959886,738550,4331098,8816,,,,,,,Worldwide,,,,2023-06-17 00:05:40
153966717,2021-08-13,206592828,632942,4342769,11671,,,,,,,Worldwide,,,,2023-06-17 00:05:40
154138629,2021-08-14,207070412,477584,4351359,8590,,,,,,,Worldwide,,,,2023-06-17 00:05:40
154307175,2021-08-15,207604434,534022,4360139,8780,,,,,,,Worldwide,,,,2023-06-17 00:05:40
154471134,2021-08-16,208213736,609302,4367603,7464,,,,,,,Worldwide,,,,2023-06-17 00:05:40
154630939,2021-08-17,209076320,862584,4377248,9645,,,,,,,Worldwide,,,,2023-06-17 00:05:40
154797349,2021-08-18,209759451,683131,4389211,11963,,,,,,,Worldwide,,,,2023-06-17 00:05:40
154960566,2021-08-19,210325635,566184,4398843,9632,,,,,,,Worldwide,,,,2023-06-17 00:05:40
155133535,2021-08-20,211232169,906534,4408713,9870,,,,,,,Worldwide,,,,2023-06-17 00:05:40
155308124,2021-08-21,211721161,488992,4420984,12271,,,,,,,Worldwide,,,,2023-06-17 00:05:40
155472320,2021-08-22,212328733,607572,4429457,8473,,,,,,,Worldwide,,,,2023-06-17 00:05:40
155633695,2021-08-23,212610603,281870,4438511,9054,,,,,,,Worldwide,,,,2023-06-17 00:05:40
155797953,2021-08-24,213461327,850724,4442545,4034,,,,,,,Worldwide,,,,2023-06-17 00:05:40
155970856,2021-08-25,214371702,910375,4457027,14482,,,,,,,Worldwide,,,,2023-06-17 00:05:40
156129491,2021-08-26,215047649,675947,4470302,13275,,,,,,,Worldwide,,,,2023-06-17 00:05:40
156284194,2021-08-27,215744845,697196,4480486,10184,,,,,,,Worldwide,,,,2023-06-17 00:05:40
156445293,2021-08-28,216328547,583702,4490915,10429,,,,,,,Worldwide,,,,2023-06-17 00:05:40
156592842,2021-08-29,216664634,336087,4499936,9021,,,,,,,Worldwide,,,,2023-06-17 00:05:40
156739865,2021-08-30,217359371,694737,4505400,5464,,,,,,,Worldwide,,,,2023-06-17 00:05:40
156906802,2021-08-31,218103709,744338,4514209,8809,,,,,,,Worldwide,,,,2023-06-17 00:05:40
157076323,2021-09-01,218852313,748604,4526811,12602,,,,,,,Worldwide,,,,2023-06-17 00:05:40
157236154,2021-09-02,219456675,604362,4548553,21742,,,,,,,Worldwide,,,,2023-06-17 00:05:40
157385400,2021-09-03,220165153,708478,4553707,5154,,,,,,,Worldwide,,,,2023-06-17 00:05:40
157552358,2021-09-04,220360991,195838,4558862,5155,,,,,,,Worldwide,,,,2023-06-17 00:05:40
157719421,2021-09-05,221005559,644568,4562885,4023,,,,,,,Worldwide,,,,2023-06-17 00:05:40
157885012,2021-09-06,221655468,649909,4573243,10358,,,,,,,Worldwide,,,,2023-06-17 00:05:40
158037621,2021-09-07,222447968,792500,4582407,9164,,,,,,,Worldwide,,,,2023-06-17 00:05:40
158207758,2021-09-08,222939979,492011,4594354,11947,,,,,,,Worldwide,,,,2023-06-17 00:05:40
158372170,2021-09-09,223514206,574227,4601835,7481,,,,,,,Worldwide,,,,2023-06-17 00:05:40
158534330,2021-09-10,223851538,337332,4611170,9335,,,,,,,Worldwide,,,,2023-06-17 00:05:40
158694010,2021-09-11,224322544,471006,4616874,5704,,,,,,,Worldwide,,,,2023-06-17 00:05:40
158853641,2021-09-12,224921316,598772,4625974,9100,,,,,,,Worldwide,,,,2023-06-17 00:05:40
159023847,2021-09-13,225520088,598772,4625974,0,,,,,,,Worldwide,,,,2023-06-17 00:05:40
159185902,2021-09-14,225854459,334371,4643736,17762,,,,,,,Worldwide,,,,2023-06-17 00:05:40
159334861,2021-09-15,226643823,789364,4649965,6229,,,,,,,Worldwide,,,,2023-06-17 00:05:40
159514873,2021-09-16,227410670,766847,4662980,13015,,,,,,,Worldwide,,,,2023-06-17 00:05:40
159673319,2021-09-17,227860623,449953,4676132,13152,,,,,,,Worldwide,,,,2023-06-17 00:05:40
159822109,2021-09-18,228397253,536630,4682527,6395,,,,,,,Worldwide,,,,2023-06-17 00:05:40
159970473,2021-09-19,228688628,291375,4689629,7102,,,,,,,Worldwide,,,,2023-06-17 00:05:40
160122068,2021-09-20,229241384,552756,4694578,4949,,,,,,,Worldwide,,,,2023-06-17 00:05:40
160279948,2021-09-21,229628819,387435,4703434,8856,,,,,,,Worldwide,,,,2023-06-17 00:05:40
160436278,2021-09-22,230351063,722244,4710758,7324,,,,,,,Worldwide,,,,2023-06-17 00:05:40
160570061,2021-09-23,230821219,470156,4723172,12414,,,,,,,Worldwide,,,,2023-06-17 00:05:40
160706654,2021-09-24,231240590,419371,4732156,8984,,,,,,,Worldwide,,,,2023-06-17 00:05:40
160861465,2021-09-25,231696727,456137,4739805,7649,,,,,,,Worldwide,,,,2023-06-17 00:05:40
161016083,2021-09-26,232066390,369663,4746184,6379,,,,,,,Worldwide,,,,2023-06-17 00:05:40
161170678,2021-09-27,232426039,359649,4751480,5296,,,,,,,Worldwide,,,,2023-06-17 00:05:40
161330448,2021-09-28,232865405,439366,4758486,7006,,,,,,,Worldwide,,,,2023-06-17 00:05:40
161487137,2021-09-29,233479934,614529,4767341,8855,,,,,,,Worldwide,,,,2023-06-17 00:05:40
161643960,2021-09-30,233908734,428800,4777581,10240,,,,,,,Worldwide,,,,2023-06-17 00:05:40
161779086,2021-10-01,234339711,430977,4786203,8622,,,,,,,Worldwide,,,,2023-06-17 00:05:40
161895840,2021-10-02,234606800,267089,4793164,6961,,,,,,,Worldwide,,,,2023-06-17 00:05:40
162476881,2021-10-06,235825990,417908,4809149,3996,,,,,,,Worldwide,,,,2023-06-17 00:05:40
162572424,2021-10-07,236511950,685960,4816565,7416,,,,,,,Worldwide,,,,2023-06-17 00:05:40
162649902,2021-10-08,236770665,258715,4828340,11775,,,,,,,Worldwide,,,,2023-06-17 00:05:40
162813101,2021-10-09,237249329,478664,4834539,6199,,,,,,,Worldwide,,,,2023-06-17 00:05:40
162956077,2021-10-10,237413744,164415,4842788,8249,,,,,,,Worldwide,,,,2023-06-17 00:05:40
163181634,2021-10-12,238272207,694045,4847462,2337,,,,,,,Worldwide,,,,2023-06-17 00:05:40
163333357,2021-10-13,238940176,667969,4857422,9960,,,,,,,Worldwide,,,,2023-06-17 00:05:40
163773759,2021-10-15,240070992,462853,4882066,12322,,,,,,,Worldwide,,,,2023-06-17 00:05:40
163921927,2021-10-16,240236944,165952,4889737,7671,,,,,,,Worldwide,,,,2023-06-17 00:05:40
164220271,2021-10-18,240680365,277459,4894860,2562,,,,,,,Worldwide,,,,2023-06-17 00:05:40
164272235,2021-10-19,241124448,444083,4898668,3808,,,,,,,Worldwide,,,,2023-06-17 00:05:40
164552757,2021-10-21,242033650,465128,4913106,7219,,,,,,,Worldwide,,,,2023-06-17 00:05:40
164707641,2021-10-22,242498327,464677,4922065,8959,,,,,,,Worldwide,,,,2023-06-17 00:05:40
164884654,2021-10-23,242987401,489074,4929776,7711,,,,,,,Worldwide,,,,2023-06-17 00:05:40
165034630,2021-10-24,243329424,342023,4938251,8475,,,,,,,Worldwide,,,,2023-06-17 00:05:40
165340733,2021-10-26,244074377,402942,4948410,5080,,,,,,,Worldwide,,,,2023-06-17 00:05:40
165491530,2021-10-27,244508567,434190,4954956,6546,,,,,,,Worldwide,,,,2023-06-17 00:05:40
165654160,2021-10-28,245015863,507296,4963841,8885,,,,,,,Worldwide,,,,2023-06-17 00:05:40
165845105,2021-10-29,245518227,502364,4972321,8480,,,,,,,Worldwide,,,,2023-06-17 00:05:40
165986161,2021-10-30,246025709,507482,4981186,8865,,,,,,,Worldwide,,,,2023-06-17 00:05:40
166134216,2021-10-31,246369472,343763,4989532,8346,,,,,,,Worldwide,,,,2023-06-17 00:05:40
166473038,2021-11-02,247140208,426988,5000000,5234,,,,,,,Worldwide,,,,2023-06-17 00:05:40
166648643,2021-11-03,247574342,434134,5006081,6081,,,,,,,Worldwide,,,,2023-06-17 00:05:40
166682335,2021-11-04,248618294,1043952,5013591,7510,,,,,,,Worldwide,,,,2023-06-17 00:05:40
166960483,2021-11-05,248876384,258090,5029535,15944,,,,,,,Worldwide,,,,2023-06-17 00:05:40
167235862,2021-11-07,249541892,407411,5038372,4419,,,,,,,Worldwide,,,,2023-06-17 00:05:40
167254950,2021-11-08,249878373,336481,5044839,6467,,,,,,,Worldwide,,,,2023-06-17 00:05:40
167518440,2021-11-09,250368055,489682,5049273,4434,,,,,,,Worldwide,,,,2023-06-17 00:05:40
167657021,2021-11-10,250847494,479439,5055944,6671,,,,,,,Worldwide,,,,2023-06-17 00:05:40
167804014,2021-11-11,251420477,572983,5064350,8406,,,,,,,Worldwide,,,,2023-06-17 00:05:40
167949635,2021-11-12,252054816,634339,5072444,8094,,,,,,,Worldwide,,,,2023-06-17 00:05:40
168165825,2021-11-15,253870057,546569,5100370,9309,,,,,,,Worldwide,,,,2023-06-17 00:05:40
168309625,2021-11-16,254604256,734199,5107084,6714,,,,,,,Worldwide,,,,2023-06-17 00:05:40
168486944,2021-11-19,256382336,309686,5132202,8373,,,,,,,Worldwide,,,,2023-06-17 00:05:40
168709239,2021-11-21,257168692,476669,5140519,4159,,,,,,,Worldwide,,,,2023-06-17 00:05:40
168813769,2021-11-22,257555773,387081,5146467,5948,,,,,,,Worldwide,,,,2023-06-17 00:05:40
168923560,2021-11-23,258276402,720629,5150868,4401,,,,,,,Worldwide,,,,2023-06-17 00:05:40
169033088,2021-11-24,258865171,588769,5159431,8563,,,,,,,Worldwide,,,,2023-06-17 00:05:40
169283077,2021-11-25,259465151,599980,5167631,8200,,,,,,,Worldwide,,,,2023-06-17 00:05:40
169255342,2021-11-26,260064469,599318,5174661,7030,,,,,,,Worldwide,,,,2023-06-17 00:05:40
169375024,2021-11-27,260658768,594299,5182449,7788,,,,,,,Worldwide,,,,2023-06-17 00:05:40
169483170,2021-11-28,261075046,416278,5189402,6953,,,,,,,Worldwide,,,,2023-06-17 00:05:40
169607465,2021-11-29,261504022,428976,5195138,5736,,,,,,,Worldwide,,,,2023-06-17 00:05:40
169727943,2021-11-30,262181360,677338,5199821,4683,,,,,,,Worldwide,,,,2023-06-17 00:05:40
169833971,2021-12-01,262806448,625088,5207587,7766,,,,,,,Worldwide,,,,2023-06-17 00:05:40
169963394,2021-12-02,263510704,704256,5215558,7971,,,,,,,Worldwide,,,,2023-06-17 00:05:40
170166024,2021-12-03,264211666,700962,5224655,9097,,,,,,,Worldwide,,,,2023-06-17 00:05:40
170185870,2021-12-04,264932878,721212,5234576,9921,,,,,,,Worldwide,,,,2023-06-17 00:05:40
170293754,2021-12-05,265423384,490506,5243348,8772,,,,,,,Worldwide,,,,2023-06-17 00:05:40
170409991,2021-12-06,265863058,439674,5248669,5321,,,,,,,Worldwide,,,,2023-06-17 00:05:40
170514985,2021-12-07,266457039,593981,5255859,7190,,,,,,,Worldwide,,,,2023-06-17 00:05:40
170623297,2021-12-08,267156259,699220,5262849,6990,,,,,,,Worldwide,,,,2023-06-17 00:05:40
170744447,2021-12-09,267829762,673503,5271226,8377,,,,,,,Worldwide,,,,2023-06-17 00:05:40
170852278,2021-12-10,268558266,728504,5279200,7974,,,,,,,Worldwide,,,,2023-06-17 00:05:40
170993527,2021-12-11,269176282,618016,5287902,8702,,,,,,,Worldwide,,,,2023-06-17 00:05:40
171135760,2021-12-12,269456160,279878,5295886,7984,,,,,,,Worldwide,,,,2023-06-17 00:05:40
171384889,2021-12-14,270783891,1047887,5301714,2914,,,,,,,Worldwide,,,,2023-06-17 00:05:40
171491040,2021-12-15,271851680,1067789,5312314,10600,,,,,,,Worldwide,,,,2023-06-17 00:05:40
171813535,2021-12-17,273566656,647238,5336647,12167,,,,,,,Worldwide,,,,2023-06-17 00:05:40
172033490,2021-12-19,274840224,626338,5349699,6526,,,,,,,Worldwide,,,,2023-06-17 00:05:40
172263167,2021-12-21,275854400,387867,5361332,5817,,,,,,,Worldwide,,,,2023-06-17 00:05:40
172501223,2021-12-23,278143747,1901440,5369161,3915,,,,,,,Worldwide,,,,2023-06-17 00:05:40
172604587,2021-12-24,278891403,747656,5386664,17503,,,,,,,Worldwide,,,,2023-06-17 00:05:40
172704187,2021-12-25,279951377,1059974,5392790,6126,,,,,,,Worldwide,,,,2023-06-17 00:05:40
173037125,2021-12-26,280676032,724655,5400292,7502,,,,,,,Worldwide,,,,2023-06-17 00:05:40
173072395,2021-12-28,282800017,1399371,5406818,3263,,,,,,,Worldwide,,,,2023-06-17 00:05:40
173177381,2021-12-29,284670048,1870031,5414213,7395,,,,,,,Worldwide,,,,2023-06-17 00:05:40
173400436,2021-12-31,287367968,827923,5429544,7666,,,,,,,Worldwide,,,,2023-06-17 00:05:40
173616564,2022-01-02,290146835,1950929,5436581,3519,,,,,,,Worldwide,,,,2023-06-17 00:05:40
173850237,2022-01-03,291343123,1196288,5443578,6997,,,,,,,Worldwide,,,,2023-06-17 00:05:40
173869872,2022-01-04,292539411,1196288,5443578,0,,,,,,,Worldwide,,,,2023-06-17 00:05:40
173952948,2022-01-05,295218167,2678756,5449423,5845,,,,,,,Worldwide,,,,2023-06-17 00:05:40
174054431,2022-01-06,297763274,2545107,5457474,8051,,,,,,,Worldwide,,,,2023-06-17 00:05:40
174178185,2022-01-07,300290277,2527003,5465315,7841,,,,,,,Worldwide,,,,2023-06-17 00:05:40
174290573,2022-01-08,303169398,2879121,5472566,7251,,,,,,,Worldwide,,,,2023-06-17 00:05:40
174384284,2022-01-09,306803104,3633706,5479804,7238,,,,,,,Worldwide,,,,2023-06-17 00:05:40
174684768,2022-01-11,313498180,3061368,5495088,7642,,,,,,,Worldwide,,,,2023-06-17 00:05:40
174828097,2022-01-12,317166137,3667957,5504387,9299,,,,,,,Worldwide,,,,2023-06-17 00:05:40
174945728,2022-01-13,318602272,1436135,5513550,9163,,,,,,,Worldwide,,,,2023-06-17 00:05:40
175214721,2022-01-15,321775904,1737518,5520712,3581,,,,,,,Worldwide,,,,2023-06-17 00:05:40
175559610,2022-01-17,328072957,4559587,5529510,4399,,,,,,,Worldwide,,,,2023-06-17 00:05:40
175571193,2022-01-18,330746893,2673936,5539569,10059,,,,,,,Worldwide,,,,2023-06-17 00:05:40
175703264,2022-01-19,334101607,3354714,5545576,6007,,,,,,,Worldwide,,,,2023-06-17 00:05:40
175850100,2022-01-20,342503171,8401564,5554786,9210,,,,,,,Worldwide,,,,2023-06-17 00:05:40
176062122,2022-01-21,344161009,1657838,5574201,19415,,,,,,,Worldwide,,,,2023-06-17 00:05:40
176069451,2022-01-22,345818848,1657839,5574201,0,,,,,,,Worldwide,,,,2023-06-17 00:05:40
176383810,2022-01-24,352045504,2910952,5591704,8752,,,,,,,Worldwide,,,,2023-06-17 00:05:40
176621617,2022-01-26,358686944,3730507,5604936,6616,,,,,,,Worldwide,,,,2023-06-17 00:05:40
176896250,2022-01-28,366249339,3831923,5626669,10867,,,,,,,Worldwide,,,,2023-06-17 00:05:40
177031377,2022-01-29,370468128,4218789,5637614,10945,,,,,,,Worldwide,,,,2023-06-17 00:05:40
177396954,2022-01-31,376503840,1816933,5664114,13250,,,,,,,Worldwide,,,,2023-06-17 00:05:40
177671393,2022-02-02,381683860,3363092,5673860,4873,,,,,,,Worldwide,,,,2023-06-17 00:05:40
177703973,2022-02-03,388028261,6344401,5688629,14769,,,,,,,Worldwide,,,,2023-06-17 00:05:40
177917887,2022-02-04,389765826,1737565,5712394,23765,,,,,,,Worldwide,,,,2023-06-17 00:05:40
177991859,2022-02-05,391503392,1737566,5712394,0,,,,,,,Worldwide,,,,2023-06-17 00:05:40
178342235,2022-02-07,397259234,2280670,5740155,13881,,,,,,,Worldwide,,,,2023-06-17 00:05:40
178500983,2022-02-08,400777183,3517949,5750868,10713,,,,,,,Worldwide,,,,2023-06-17 00:05:40
178640757,2022-02-09,402010720,1233537,5764503,13635,,,,,,,Worldwide,,,,2023-06-17 00:05:40
178901029,2022-02-11,405961201,2716921,5777952,6725,,,,,,,Worldwide,,,,2023-06-17 00:05:40
179044952,2022-02-12,408454469,2493268,5789567,11615,,,,,,,Worldwide,,,,2023-06-17 00:05:40
179180905,2022-02-13,410087912,1633443,5802228,12661,,,,,,,Worldwide,,,,2023-06-17 00:05:40
179306954,2022-02-14,411721356,1633444,5802228,0,,,,,,,Worldwide,,,,2023-06-17 00:05:40
179400611,2022-02-15,413483457,1762101,5815975,13747,,,,,,,Worldwide,,,,2023-06-17 00:05:40
179531529,2022-02-16,417730572,4247115,5826463,10488,,,,,,,Worldwide,,,,2023-06-17 00:05:40
179730507,2022-02-17,419059260,1328688,5850628,24165,,,,,,,Worldwide,,,,2023-06-17 00:05:40
180012944,2022-02-19,421716638,1328689,5850628,0,,,,,,,Worldwide,,,,2023-06-17 00:05:40
180144907,2022-02-20,423070601,1353963,5874048,23420,,,,,,,Worldwide,,,,2023-06-17 00:05:40
180282644,2022-02-21,424505632,1435031,5881816,7768,,,,,,,Worldwide,,,,2023-06-17 00:05:40
180561909,2022-02-23,427815880,1875212,5890818,4501,,,,,,,Worldwide,,,,2023-06-17 00:05:40
180709042,2022-02-24,429705664,1889784,5905942,15124,,,,,,,Worldwide,,,,2023-06-17 00:05:40
180844726,2022-02-25,431422036,1716372,5917606,11664,,,,,,,Worldwide,,,,2023-06-17 00:05:40
180992027,2022-02-26,434247399,2825363,5928470,10864,,,,,,,Worldwide,,,,2023-06-17 00:05:40
181135693,2022-02-27,434744512,497113,5944313,15843,,,,,,,Worldwide,,,,2023-06-17 00:05:40
181472626,2022-03-01,436879475,1637809,5948652,2170,,,,,,,Worldwide,,,,2023-06-17 00:05:40
181502395,2022-03-02,438517285,1637810,5948652,0,,,,,,,Worldwide,,,,2023-06-17 00:05:40
181640039,2022-03-03,439343616,826331,5964630,15978,,,,,,,Worldwide,,,,2023-06-17 00:05:40
181959769,2022-03-05,445129499,4959554,5972601,3986,,,,,,,Worldwide,,,,2023-06-17 00:05:40
182154425,2022-03-06,445702176,572677,5995245,22644,,,,,,,Worldwide,,,,2023-06-17 00:05:40
182358494,2022-03-08,448052928,1778085,5999193,1974,,,,,,,Worldwide,,,,2023-06-17 00:05:40
182790290,2022-03-11,453426276,1817160,6022403,7737,,,,,,,Worldwide,,,,2023-06-17 00:05:40
182931980,2022-03-12,456790241,3363965,6029789,7386,,,,,,,Worldwide,,,,2023-06-17 00:05:40
183068755,2022-03-13,457949618,1159377,6040665,10876,,,,,,,Worldwide,,,,2023-06-17 00:05:40
183212571,2022-03-14,458876096,926478,6044192,3527,,,,,,,Worldwide,,,,2023-06-17 00:05:40
183437814,2022-03-16,461650509,1847951,6045865,837,,,,,,,Worldwide,,,,2023-06-17 00:05:40
183574167,2022-03-17,463891646,2241137,6051363,5498,,,,,,,Worldwide,,,,2023-06-17 00:05:40
183718620,2022-03-18,465932052,2040406,6058277,6914,,,,,,,Worldwide,,,,2023-06-17 00:05:40
183852656,2022-03-19,468133052,2201000,6065477,7200,,,,,,,Worldwide,,,,2023-06-17 00:05:40
183994107,2022-03-20,469713452,1580400,6070849,5372,,,,,,,Worldwide,,,,2023-06-17 00:05:40
184137904,2022-03-21,470737068,1023616,6074560,3711,,,,,,,Worldwide,,,,2023-06-17 00:05:40
184270655,2022-03-22,472425792,1688724,6077582,3022,,,,,,,Worldwide,,,,2023-06-17 00:05:40
184542268,2022-03-24,475758392,1643842,6098771,10595,,,,,,,Worldwide,,,,2023-06-17 00:05:40
184688945,2022-03-25,477381504,1623112,6104376,5605,,,,,,,Worldwide,,,,2023-06-17 00:05:40
184965368,2022-03-27,479557152,552521,6118501,7063,,,,,,,Worldwide,,,,2023-06-17 00:05:40
185247677,2022-03-29,482325063,2215413,6121153,1326,,,,,,,Worldwide,,,,2023-06-17 00:05:40
185392797,2022-03-30,485204991,2879928,6127440,6287,,,,,,,Worldwide,,,,2023-06-17 00:05:40
185528957,2022-03-31,488439408,3234417,6133410,5970,,,,,,,Worldwide,,,,2023-06-17 00:05:40
185754706,2022-04-01,489608730,1169322,6143133,9723,,,,,,,Worldwide,,,,2023-06-17 00:05:40
185848662,2022-04-02,490664062,1055332,6148594,5461,,,,,,,Worldwide,,,,2023-06-17 00:05:40
185993055,2022-04-03,491441483,777421,6151255,2661,,,,,,,Worldwide,,,,2023-06-17 00:05:40
186137574,2022-04-04,493673607,2232124,6152898,1643,,,,,,,Worldwide,,,,2023-06-17 00:05:40
186248322,2022-04-05,493677646,4039,6169931,17033,,,,,,,Worldwide,,,,2023-06-17 00:05:40
186389872,2022-04-06,495130920,1453274,6170187,256,,,,,,,Worldwide,,,,2023-06-17 00:05:40
186551882,2022-04-07,496339931,1209011,6170444,257,,,,,,,Worldwide,,,,2023-06-17 00:05:40
186693661,2022-04-08,496916608,576677,6170701,257,,,,,,,Worldwide,,,,2023-06-17 00:05:40
186981804,2022-04-10,498260608,767306,6174449,1874,,,,,,,Worldwide,,,,2023-06-17 00:05:40
187121292,2022-04-11,498891485,630877,6176746,2297,,,,,,,Worldwide,,,,2023-06-17 00:05:40
187257945,2022-04-12,500878952,1987467,6178789,2043,,,,,,,Worldwide,,,,2023-06-17 00:05:40
187388441,2022-04-13,501918823,1039871,6185040,6251,,,,,,,Worldwide,,,,2023-06-17 00:05:40
187525964,2022-04-14,502480877,562054,6189593,4553,,,,,,,Worldwide,,,,2023-06-17 00:05:40
187809745,2022-04-16,503604985,562054,6189593,0,,,,,,,Worldwide,,,,2023-06-17 00:05:40
187942712,2022-04-17,504088160,483175,6195647,6054,,,,,,,Worldwide,,,,2023-06-17 00:05:40
188229500,2022-04-19,505271488,700152,6198460,1407,,,,,,,Worldwide,,,,2023-06-17 00:05:40
188509100,2022-04-21,507045234,1073600,6203317,2429,,,,,,,Worldwide,,,,2023-06-17 00:05:40
188662773,2022-04-22,507045248,14,6207815,4498,,,,,,,Worldwide,,,,2023-06-17 00:05:40
188953998,2022-04-24,507876352,415552,6207815,0,,,,,,,Worldwide,,,,2023-06-17 00:05:40
189213498,2022-04-26,510238527,1531054,6215610,3898,,,,,,,Worldwide,,,,2023-06-17 00:05:40
189357472,2022-04-27,510993056,754529,6220718,5108,,,,,,,Worldwide,,,,2023-06-17 00:05:40
189725283,2022-04-29,512193692,446128,6228621,3952,,,,,,,Worldwide,,,,2023-06-17 00:05:40
190019405,2022-05-01,513085948,446128,6228621,0,,,,,,,Worldwide,,,,2023-06-17 00:05:40
190053532,2022-05-02,513677504,591556,6234079,5458,,,,,,,Worldwide,,,,2023-06-17 00:05:40
190363899,2022-05-04,514918067,649042,6238328,2125,,,,,,,Worldwide,,,,2023-06-17 00:05:40
190506254,2022-05-05,515543808,625741,6240940,2612,,,,,,,Worldwide,,,,2023-06-17 00:05:40
190801793,2022-05-07,516757582,588071,6247502,3281,,,,,,,Worldwide,,,,2023-06-17 00:05:40
190922661,2022-05-08,516927734,170152,6249626,2124,,,,,,,Worldwide,,,,2023-06-17 00:05:40
191086843,2022-05-09,517097886,170152,6249626,0,,,,,,,Worldwide,,,,2023-06-17 00:05:40
191211613,2022-05-10,517356394,258508,6250664,1038,,,,,,,Worldwide,,,,2023-06-17 00:05:40
191353488,2022-05-11,518737675,1381281,6251366,702,,,,,,,Worldwide,,,,2023-06-17 00:05:40
191551424,2022-05-12,519481513,743838,6255511,4145,,,,,,,Worldwide,,,,2023-06-17 00:05:40
191697060,2022-05-13,520114085,632572,6258356,2845,,,,,,,Worldwide,,,,2023-06-17 00:05:40
191841599,2022-05-14,520620768,506683,6260299,1943,,,,,,,Worldwide,,,,2023-06-17 00:05:40
192090085,2022-05-16,521474937,347477,6263321,1511,,,,,,,Worldwide,,,,2023-06-17 00:05:40
192215750,2022-05-17,522069120,594183,6263967,646,,,,,,,Worldwide,,,,2023-06-17 00:05:40
192354600,2022-05-18,522731989,662869,6267245,3278,,,,,,,Worldwide,,,,2023-06-17 00:05:40
192535255,2022-05-19,523452560,720571,6269178,1933,,,,,,,Worldwide,,,,2023-06-17 00:05:40
192677800,2022-05-20,524048160,595600,6271641,2463,,,,,,,Worldwide,,,,2023-06-17 00:05:40
192827683,2022-05-21,524895581,847421,6273518,1877,,,,,,,Worldwide,,,,2023-06-17 00:05:40
193045720,2022-05-22,525271853,376272,6275486,1968,,,,,,,Worldwide,,,,2023-06-17 00:05:40
193194009,2022-05-23,526091236,819383,6276601,1115,,,,,,,Worldwide,,,,2023-06-17 00:05:40
193342599,2022-05-24,526714784,623548,6278676,2075,,,,,,,Worldwide,,,,2023-06-17 00:05:40
193633865,2022-05-26,527839364,501005,6283025,2175,,,,,,,Worldwide,,,,2023-06-17 00:05:40
193778173,2022-05-27,528431653,592289,6284533,1508,,,,,,,Worldwide,,,,2023-06-17 00:05:40
193928754,2022-05-28,528713952,282299,6286540,2007,,,,,,,Worldwide,,,,2023-06-17 00:05:40
194225550,2022-05-30,529510688,514430,6287786,623,,,,,,,Worldwide,,,,2023-06-17 00:05:40
194515941,2022-06-01,530314174,289043,6292498,2356,,,,,,,Worldwide,,,,2023-06-17 00:05:40
194813425,2022-06-03,529698736,-326395,6292503,5,,,,,,,Worldwide,,,,2023-06-17 00:05:40
194962047,2022-06-04,530892262,578088,6296231,3733,,,,,,,Worldwide,,,,2023-06-17 00:05:40
195256601,2022-06-06,531703694,405710,6298372,1071,,,,,,,Worldwide,,,,2023-06-17 00:05:40
195402192,2022-06-07,531957734,254040,6299668,1296,,,,,,,Worldwide,,,,2023-06-17 00:05:40
195713624,2022-06-09,533039053,540653,6302261,1297,,,,,,,Worldwide,,,,2023-06-17 00:05:40
195859543,2022-06-10,533665918,626865,6304835,2574,,,,,,,Worldwide,,,,2023-06-17 00:05:40
196019466,2022-06-11,534213703,547785,6306423,1588,,,,,,,Worldwide,,,,2023-06-17 00:05:40
196310758,2022-06-13,535062191,424239,6308976,1277,,,,,,,Worldwide,,,,2023-06-17 00:05:40
196601223,2022-06-15,535751017,344425,6310448,736,,,,,,,Worldwide,,,,2023-06-17 00:05:40
196746751,2022-06-16,536634986,883969,6312353,1905,,,,,,,Worldwide,,,,2023-06-17 00:05:40
196883877,2022-06-17,537353020,718034,6314405,2052,,,,,,,Worldwide,,,,2023-06-17 00:05:40
197153173,2022-06-19,538471275,559147,6317507,1551,,,,,,,Worldwide,,,,2023-06-17 00:05:40
197296473,2022-06-20,538695729,224454,6318093,586,,,,,,,Worldwide,,,,2023-06-17 00:05:40
197591599,2022-06-22,539711953,508113,6320326,1117,,,,,,,Worldwide,,,,2023-06-17 00:05:40
197886658,2022-06-24,541370076,829084,6324081,1878,,,,,,,Worldwide,,,,2023-06-17 00:05:40
198181308,2022-06-26,542915294,772638,6327836,1878,,,,,,,Worldwide,,,,2023-06-17 00:05:40
198328584,2022-06-27,543323503,408209,6328552,716,,,,,,,Worldwide,,,,2023-06-17 00:05:40
198612998,2022-06-29,544495277,585901,6330572,1010,,,,,,,Worldwide,,,,2023-06-17 00:05:40
198894429,2022-07-01,545455677,480189,6332579,1004,,,,,,,Worldwide,,,,2023-06-17 00:05:40
199049322,2022-07-02,547485773,2030096,6335831,3252,,,,,,,Worldwide,,,,2023-06-17 00:05:40
199332582,2022-07-04,548473478,493894,6337805,987,,,,,,,Worldwide,,,,2023-06-17 00:05:40
199486680,2022-07-05,549181398,707920,6339113,1308,,,,,,,Worldwide,,,,2023-06-17 00:05:40
199787086,2022-07-07,550045521,432081,6340166,527,,,,,,,Worldwide,,,,2023-06-17 00:05:40
199931535,2022-07-08,552498044,2452523,6344729,4563,,,,,,,Worldwide,,,,2023-06-17 00:05:40
200219180,2022-07-09,553512328,1014284,6347474,2745,,,,,,,Worldwide,,,,2023-06-17 00:05:40
200507834,2022-07-11,555444381,966045,6351178,1852,,,,,,,Worldwide,,,,2023-06-17 00:05:40
200682291,2022-07-13,556516402,536050,6352910,866,,,,,,,Worldwide,,,,2023-06-17 00:05:40
200964197,2022-07-14,559533174,3016772,6363300,10390,,,,,,,Worldwide,,,,2023-06-17 00:05:40
201260426,2022-07-16,561410170,938490,6367862,2281,,,,,,,Worldwide,,,,2023-06-17 00:05:40
201568081,2022-07-18,561978603,284203,6368794,466,,,,,,,Worldwide,,,,2023-06-17 00:05:40
201714048,2022-07-19,563632472,1653869,6371474,2680,,,,,,,Worldwide,,,,2023-06-17 00:05:40
201863780,2022-07-20,565190546,1558074,6374336,2862,,,,,,,Worldwide,,,,2023-06-17 00:05:40
201988826,2022-07-21,566783590,1593044,6380811,6475,,,,,,,Worldwide,,,,2023-06-17 00:05:40
202302821,2022-07-23,567898418,1114828,6380676,-135,,,,,,,Worldwide,,,,2023-06-17 00:05:40
202450456,2022-07-24,569629979,2846389,6383438,2627,,,,,,,Worldwide,,,,2023-06-17 00:05:40
202592632,2022-07-25,570187025,557046,6384303,865,,,,,,,Worldwide,,,,2023-06-17 00:05:40
202745942,2022-07-26,571182327,995302,6386234,1931,,,,,,,Worldwide,,,,2023-06-17 00:05:40
202916216,2022-07-28,572396969,607337,6388967,1367,,,,,,,Worldwide,,,,2023-06-17 00:05:40
203055604,2022-07-29,573791951,1394982,6393427,4460,,,,,,,Worldwide,,,,2023-06-17 00:05:40
203200024,2022-07-30,574834090,1042139,6395493,2066,,,,,,,Worldwide,,,,2023-06-17 00:05:40
203481458,2022-08-01,576816688,991280,6399498,2003,,,,,,,Worldwide,,,,2023-06-17 00:05:40
203629326,2022-08-02,577355630,538942,6400312,814,,,,,,,Worldwide,,,,2023-06-17 00:05:40
203770301,2022-08-03,578250895,895265,6402707,2395,,,,,,,Worldwide,,,,2023-06-17 00:05:40
203918045,2022-08-04,579445702,1194807,6405438,2731,,,,,,,Worldwide,,,,2023-06-17 00:05:40
204066168,2022-08-05,580598208,1152506,6409680,4242,,,,,,,Worldwide,,,,2023-06-17 00:05:40
204350687,2022-08-07,582007961,704857,6412754,1537,,,,,,,Worldwide,,,,2023-06-17 00:05:40
204494807,2022-08-08,584187133,2179172,6417837,5083,,,,,,,Worldwide,,,,2023-06-17 00:05:40
204638467,2022-08-09,584590338,403205,6418044,207,,,,,,,Worldwide,,,,2023-06-17 00:05:40
205335465,2022-08-14,589244316,930780,6433419,3075,,,,,,,Worldwide,,,,2023-06-17 00:05:40
205483432,2022-08-15,589868207,623891,6434710,1291,,,,,,,Worldwide,,,,2023-06-17 00:05:40
205624001,2022-08-16,590331311,463104,6435631,921,,,,,,,Worldwide,,,,2023-06-17 00:05:40
205932735,2022-08-18,591803008,1471680,6435631,0,,,,,,,Worldwide,,,,2023-06-17 00:05:40
206203639,2022-08-20,593874895,600241,6445398,4884,,,,,,,Worldwide,,,,2023-06-17 00:05:40
206340457,2022-08-21,594475136,600241,6445398,0,,,,,,,Worldwide,,,,2023-06-17 00:05:40
206568963,2022-08-23,596759069,1083414,6452769,3686,,,,,,,Worldwide,,,,2023-06-17 00:05:40
206701561,2022-08-24,597169152,410083,6455107,2338,,,,,,,Worldwide,,,,2023-06-17 00:05:40
206902652,2022-08-26,599293387,1714062,6457679,1286,,,,,,,Worldwide,,,,2023-06-17 00:05:40
207045293,2022-08-27,600084352,790965,6481405,23726,,,,,,,Worldwide,,,,2023-06-17 00:05:40
207458468,2022-08-29,601308205,432852,6486034,2315,,,,,,,Worldwide,,,,2023-06-17 00:05:40
207757188,2022-08-31,600466367,-408986,6485017,-1017,,,,,,,Worldwide,,,,2023-06-17 00:05:40
207910470,2022-09-01,602173911,865706,6490351,4317,,,,,,,Worldwide,,,,2023-06-17 00:05:40
208054971,2022-09-02,603620645,1446734,6496957,6606,,,,,,,Worldwide,,,,2023-06-17 00:05:40
208350057,2022-09-04,603551587,-69058,6492866,-4091,,,,,,,Worldwide,,,,2023-06-17 00:05:40
208646417,2022-09-06,605497328,972848,6502955,5045,,,,,,,Worldwide,,,,2023-06-17 00:05:40
208926707,2022-09-08,606186060,344332,6505288,1167,,,,,,,Worldwide,,,,2023-06-17 00:05:40
209074368,2022-09-09,607362097,1176037,6510110,4822,,,,,,,Worldwide,,,,2023-06-17 00:05:40
209227548,2022-09-10,607886416,524319,6512344,2234,,,,,,,Worldwide,,,,2023-06-17 00:05:40
209518872,2022-09-12,608205847,159703,6513190,423,,,,,,,Worldwide,,,,2023-06-17 00:05:40
209675369,2022-09-13,608518726,312879,6513932,742,,,,,,,Worldwide,,,,2023-06-17 00:05:40
209983436,2022-09-15,609694208,587741,6513932,0,,,,,,,Worldwide,,,,2023-06-17 00:05:40
210268648,2022-09-17,611245120,375365,6522616,4342,,,,,,,Worldwide,,,,2023-06-17 00:05:40
210560415,2022-09-19,612314658,694183,6525396,1390,,,,,,,Worldwide,,,,2023-06-17 00:05:40
210723821,2022-09-20,612841280,526622,6527372,1976,,,,,,,Worldwide,,,,2023-06-17 00:05:40
211013497,2022-09-22,613749607,381785,6530976,1802,,,,,,,Worldwide,,,,2023-06-17 00:05:40
211338360,2022-09-24,614513177,381785,6530976,0,,,,,,,Worldwide,,,,2023-06-17 00:05:40
211389259,2022-09-25,614775878,262701,6535429,4453,,,,,,,Worldwide,,,,2023-06-17 00:05:40
211530064,2022-09-26,615413952,638074,6536160,731,,,,,,,Worldwide,,,,2023-06-17 00:05:40
211901019,2022-09-28,616292736,240743,6539537,1689,,,,,,,Worldwide,,,,2023-06-17 00:05:40
212162339,2022-09-30,617583875,1050315,6541661,1062,,,,,,,Worldwide,,,,2023-06-17 00:05:40
212298414,2022-10-01,617770688,186813,6545452,3791,,,,,,,Worldwide,,,,2023-06-17 00:05:40
212584051,2022-10-03,618470485,512926,6546325,437,,,,,,,Worldwide,,,,2023-06-17 00:05:40
212733502,2022-10-04,618792960,322475,6548093,1768,,,,,,,Worldwide,,,,2023-06-17 00:05:40
212900722,2022-10-06,620391360,1275902,6549664,786,,,,,,,Worldwide,,,,2023-06-17 00:05:40
213072993,2022-10-07,620553834,162474,6554356,4692,,,,,,,Worldwide,,,,2023-06-17 00:05:40
213376518,2022-10-09,620878784,162475,6554356,0,,,,,,,Worldwide,,,,2023-06-17 00:05:40
213666345,2022-10-11,621366272,32,6557203,1424,,,,,,,Worldwide,,,,2023-06-17 00:05:40
213958606,2022-10-13,622511754,572741,6557203,0,,,,,,,Worldwide,,,,2023-06-17 00:05:40
214106440,2022-10-14,623143597,631843,6560304,3101,,,,,,,Worldwide,,,,2023-06-17 00:05:40
214410614,2022-10-16,624407285,631844,6560304,0,,,,,,,Worldwide,,,,2023-06-17 00:05:40
214540787,2022-10-17,624599147,191862,6566861,6557,,,,,,,Worldwide,,,,2023-06-17 00:05:40
214685435,2022-10-18,624599168,21,6567281,420,,,,,,,Worldwide,,,,2023-06-17 00:05:40
214980708,2022-10-20,626215599,808216,6567281,0,,,,,,,Worldwide,,,,2023-06-17 00:05:40
215106505,2022-10-21,627195515,979916,6572836,5555,,,,,,,Worldwide,,,,2023-06-17 00:05:40
215308121,2022-10-22,627195520,5,6577251,4415,,,,,,,Worldwide,,,,2023-06-17 00:05:40
215599377,2022-10-24,627536526,170503,6577251,0,,,,,,,Worldwide,,,,2023-06-17 00:05:40
215700675,2022-10-25,627966547,430021,6578231,980,,,,,,,Worldwide,,,,2023-06-17 00:05:40
215879986,2022-10-26,628979556,1013009,6579502,1271,,,,,,,Worldwide,,,,2023-06-17 00:05:40
215998540,2022-10-27,629209152,229596,6583938,4436,,,,,,,Worldwide,,,,2023-06-17 00:05:40
216272388,2022-10-29,629786726,347987,6586643,1353,,,,,,,Worldwide,,,,2023-06-17 00:05:40
216408188,2022-10-30,630151861,365135,6588001,1358,,,,,,,Worldwide,,,,2023-06-17 00:05:40
216533628,2022-10-31,630452398,300537,6589068,1067,,,,,,,Worldwide,,,,2023-06-17 00:05:40
216670564,2022-11-01,630839744,387346,6590206,1138,,,,,,,Worldwide,,,,2023-06-17 00:05:40
216947216,2022-11-03,631485568,258531,6594575,2185,,,,,,,Worldwide,,,,2023-06-17 00:05:40
217206685,2022-11-08,633266363,746549,6600385,1162,,,,,,,Worldwide,,,,2023-06-17 00:05:40
217396463,2022-11-09,633695831,429468,6602664,2279,,,,,,,Worldwide,,,,2023-06-17 00:05:40
217549937,2022-11-10,634163652,467821,6604745,2081,,,,,,,Worldwide,,,,2023-06-17 00:05:40
217690132,2022-11-11,634403904,240252,6607545,2800,,,,,,,Worldwide,,,,2023-06-17 00:05:40
217938260,2022-11-13,635066279,422177,6609107,781,,,,,,,Worldwide,,,,2023-06-17 00:05:40
218083813,2022-11-14,635250048,183769,6609877,770,,,,,,,Worldwide,,,,2023-06-17 00:05:40
218331411,2022-11-16,636185285,751551,6611456,790,,,,,,,Worldwide,,,,2023-06-17 00:05:40
218459035,2022-11-17,636881914,696629,6614664,3208,,,,,,,Worldwide,,,,2023-06-17 00:05:40
218570188,2022-11-18,637320512,438598,6617493,2829,,,,,,,Worldwide,,,,2023-06-17 00:05:40
218805659,2022-11-20,638048000,288854,6620226,1367,,,,,,,Worldwide,,,,2023-06-17 00:05:40
219024513,2022-11-22,638908288,571497,6621772,773,,,,,,,Worldwide,,,,2023-06-17 00:05:40
219249811,2022-11-24,640221696,741872,6625763,1996,,,,,,,Worldwide,,,,2023-06-17 00:05:40
219455586,2022-11-26,641239842,276210,6629611,1924,,,,,,,Worldwide,,,,2023-06-17 00:05:40
219601243,2022-11-27,641465174,225332,6630075,464,,,,,,,Worldwide,,,,2023-06-17 00:05:40
219737426,2022-11-28,642042496,577322,6630593,518,,,,,,,Worldwide,,,,2023-06-17 00:05:40
219994846,2022-11-30,643254400,634477,6633130,1269,,,,,,,Worldwide,,,,2023-06-17 00:05:40
220259876,2022-12-02,644636063,747097,6637529,2200,,,,,,,Worldwide,,,,2023-06-17 00:05:40
220406085,2022-12-03,644906624,270561,6639715,2186,,,,,,,Worldwide,,,,2023-06-17 00:05:40
220671182,2022-12-05,645728448,551137,6640706,496,,,,,,,Worldwide,,,,2023-06-17 00:05:40
220923224,2022-12-07,646647811,368124,6644643,1969,,,,,,,Worldwide,,,,2023-06-17 00:05:40
221007686,2022-12-08,647015936,368125,6644643,0,,,,,,,Worldwide,,,,2023-06-17 00:05:40
221263125,2022-12-10,648425461,673291,6649490,2424,,,,,,,Worldwide,,,,2023-06-17 00:05:40
221376827,2022-12-11,648711488,286027,6651557,2067,,,,,,,Worldwide,,,,2023-06-17 00:05:40
221637163,2022-12-13,649994304,996772,6652666,555,,,,,,,Worldwide,,,,2023-06-17 00:05:40
221929800,2022-12-15,651730816,739665,6658635,2985,,,,,,,Worldwide,,,,2023-06-17 00:05:40
222175134,2022-12-17,652647256,176767,6664177,2771,,,,,,,Worldwide,,,,2023-06-17 00:05:40
222431788,2022-12-19,653000792,176768,6664177,0,,,,,,,Worldwide,,,,2023-06-17 00:05:40
222498895,2022-12-20,653691776,690984,6665421,1244,,,,,,,Worldwide,,,,2023-06-17 00:05:40
222745052,2022-12-22,655127232,744384,6669504,2042,,,,,,,Worldwide,,,,2023-06-17 00:05:40
222993556,2022-12-24,656368256,496690,6674718,2607,,,,,,,Worldwide,,,,2023-06-17 00:05:40
223264286,2022-12-26,657181248,316259,6678098,1690,,,,,,,Worldwide,,,,2023-06-17 00:05:40
223538276,2022-12-28,658159040,661426,6679764,833,,,,,,,Worldwide,,,,2023-06-17 00:05:40
223797226,2022-12-30,659467113,646670,6684285,2261,,,,,,,Worldwide,,,,2023-06-17 00:05:40
223930848,2022-12-31,659883904,416791,6686975,2690,,,,,,,Worldwide,,,,2023-06-17 00:05:40
224201507,2023-01-02,660660288,359647,6689977,1501,,,,,,,Worldwide,,,,2023-06-17 00:05:40
224468216,2023-01-04,661527680,507799,6692005,1014,,,,,,,Worldwide,,,,2023-06-17 00:05:40
224731829,2023-01-06,662621186,585790,7507739,,,,,,,,Worldwide,,,,2023-06-17 00:05:40
224998410,2023-01-08,663462884,1427488,6705014,,,,,,,,Worldwide,,,,2023-06-17 00:05:40
225016849,2023-01-10,664122629,329861,6706685,836,,,,,,,Worldwide,,,,2023-06-17 00:05:40
225105287,2023-01-11,664469636,347007,6708636,1951,,,,,,,Worldwide,,,,2023-06-17 00:05:40
225221498,2023-01-12,664985863,516227,6712003,3367,,,,,,,Worldwide,,,,2023-06-17 00:05:40
225450642,2023-01-14,666021978,518042,6718702,3350,,,,,,,Worldwide,,,,2023-06-17 00:05:40
225672001,2023-01-16,666683465,330761,6722464,1881,,,,,,,Worldwide,,,,2023-06-17 00:05:40
225905689,2023-01-18,667092181,204373,6724478,1007,,,,,,,Worldwide,,,,2023-06-17 00:05:40
226052495,2023-01-19,667430325,338144,6726367,1889,,,,,,,Worldwide,,,,2023-06-17 00:05:40
226330881,2023-01-21,668149730,359714,6734552,4093,,,,,,,Worldwide,,,,2023-06-17 00:05:40
226461845,2023-01-22,668493255,343525,6737889,3337,,,,,,,Worldwide,,,,2023-06-17 00:05:40
226675483,2023-01-23,668759979,266724,6739225,1336,,,,,,,Worldwide,,,,2023-06-17 00:05:40
226808309,2023-01-24,668902311,142332,6739809,584,,,,,,,Worldwide,,,,2023-06-17 00:05:40
226944782,2023-01-25,669161733,259422,6741760,1951,,,,,,,Worldwide,,,,2023-06-17 00:05:40
227102252,2023-01-26,669459397,297664,6797895,,,,,,,,Worldwide,,,,2023-06-17 00:05:40
227185959,2023-01-27,669749397,290000,6820698,22803,,,,,,,Worldwide,,,,2023-06-17 00:05:40
227352377,2023-01-29,669990877,120733,6822425,864,,,,,,,Worldwide,,,,2023-06-17 00:05:40
227578067,2023-01-30,670246597,255720,6823644,1219,,,,,,,Worldwide,,,,2023-06-17 00:05:40
227706826,2023-01-31,670404522,157925,6831146,7502,,,,,,,Worldwide,,,,2023-06-17 00:05:40
227916481,2023-02-02,670901217,248353,6835201,2028,,,,,,,Worldwide,,,,2023-06-17 00:05:40
228051232,2023-02-04,671413690,256186,6839949,2374,,,,,,,Worldwide,,,,2023-06-17 00:05:40
228109956,2023-02-05,671515788,102098,6843813,3864,,,,,,,Worldwide,,,,2023-06-17 00:05:40
228163317,2023-02-06,671604147,88359,6844387,574,,,,,,,Worldwide,,,,2023-06-17 00:05:40
228224415,2023-02-07,671748742,144595,6845359,972,,,,,,,Worldwide,,,,2023-06-17 00:05:40
228338826,2023-02-09,671748742,6,6845359,0,,,,,,,Worldwide,,,,2023-06-17 00:05:40
228556790,2023-02-14,672789882,208250,6853693,1667,,,,,,,Worldwide,,,,2023-06-17 00:05:40
228612624,2023-02-15,672933624,143742,6854847,1154,,,,,,,Worldwide,,,,2023-06-17 00:05:40
228670754,2023-02-16,673112695,179071,6856026,1179,,,,,,,Worldwide,,,,2023-06-17 00:05:40
228781298,2023-02-18,673570579,228947,6860165,2070,,,,,,,Worldwide,,,,2023-06-17 00:05:40
228839947,2023-02-19,673765471,194892,6862013,1848,,,,,,,Worldwide,,,,2023-06-17 00:05:40
228895537,2023-02-20,673855683,90212,6862372,359,,,,,,,Worldwide,,,,2023-06-17 00:05:40
228993072,2023-02-21,674027405,171722,6863410,1038,,,,,,,Worldwide,,,,2023-06-17 00:05:40
229110765,2023-02-23,674463827,218195,6865959,1275,,,,,,,Worldwide,,,,2023-06-17 00:05:40
229225432,2023-02-25,674822371,179299,6869544,1793,,,,,,,Worldwide,,,,2023-06-17 00:05:40
229342799,2023-02-27,674933311,55423,6870013,235,,,,,,,Worldwide,,,,2023-06-17 00:05:40
229467611,2023-03-01,674933311,-1,6870013,0,,,,,,,Worldwide,,,,2023-06-17 00:05:40
229492535,2023-03-02,675196659,263348,6871415,1402,,,,,,,Worldwide,,,,2023-06-17 00:05:40
229610651,2023-03-04,675622359,212823,6875314,1950,,,,,,,Worldwide,,,,2023-06-17 00:05:40
7170565,2020-02-24,1,,0,,,,33.83114,66.02471,AF,AFG,Afghanistan,,,,2023-06-17 00:05:40
340556,2020-02-25,1,0,0,0,,,33.83114,66.02471,AF,AFG,Afghanistan,,,,2023-06-17 00:05:40
340557,2020-02-26,1,0,0,0,,,33.83114,66.02471,AF,AFG,Afghanistan,,,,2023-06-17 00:05:40
340558,2020-02-27,1,0,0,0,,,33.83114,66.02471,AF,AFG,Afghanistan,,,,2023-06-17 00:05:40
340559,2020-02-28,1,0,0,0,,,33.83114,66.02471,AF,AFG,Afghanistan,,,,2023-06-17 00:05:40
340560,2020-02-29,1,0,0,0,,,33.83114,66.02471,AF,AFG,Afghanistan,,,,2023-06-17 00:05:40
340561,2020-03-01,1,0,0,0,,,33.83114,66.02471,AF,AFG,Afghanistan,,,,2023-06-17 00:05:40
340562,2020-03-02,1,0,0,0,,,33.83114,66.02471,AF,AFG,Afghanistan,,,,2023-06-17 00:05:40
340563,2020-03-03,1,0,0,0,,,33.83114,66.02471,AF,AFG,Afghanistan,,,,2023-06-17 00:05:40
340564,2020-03-04,1,0,0,0,,,33.83114,66.02471,AF,AFG,Afghanistan,,,,2023-06-17 00:05:40
340565,2020-03-05,1,0,0,0,,,33.83114,66.02471,AF,AFG,Afghanistan,,,,2023-06-17 00:05:40
340566,2020-03-06,1,0,0,0,0,,33.83114,66.02471,AF,AFG,Afghanistan,,,,2023-06-17 00:05:40
7170567,2020-03-07,4,3,0,0,0,0,33.83114,66.02471,AF,AFG,Afghanistan,,,,2023-06-17 00:05:40
340568,2020-03-08,4,0,0,0,,,33.83114,66.02471,AF,AFG,Afghanistan,,,,2023-06-17 00:05:40
340569,2020-03-09,4,0,0,0,,,33.83114,66.02471,AF,AFG,Afghanistan,,,,2023-06-17 00:05:40
7170569,2020-03-10,7,3,0,0,0,,33.83114,66.02471,AF,AFG,Afghanistan,,,,2023-06-17 00:05:40
340571,2020-03-11,8,1,0,0,0,0,33.83114,66.02471,AF,AFG,Afghanistan,,,,2023-06-17 00:05:40
340572,2020-03-12,9,1,0,0,,,33.83114,66.02471,AF,AFG,Afghanistan,,,,2023-06-17 00:05:40
340573,2020-03-13,11,2,0,0,,,33.83114,66.02471,AF,AFG,Afghanistan,,,,2023-06-17 00:05:40
7170572,2020-03-14,11,0,0,0,0,,33.83114,66.02471,AF,AFG,Afghanistan,,,,2023-06-17 00:05:40
7170574,2020-03-15,16,5,0,0,0,0,33.83114,66.02471,AF,AFG,Afghanistan,,,,2023-06-17 00:05:40
7170577,2020-03-16,21,5,0,0,1,1,33.83114,66.02471,AF,AFG,Afghanistan,,,,2023-06-17 00:05:40
7170580,2020-03-17,22,1,0,0,1,0,33.83114,66.02471,AF,AFG,Afghanistan,,,,2023-06-17 00:05:40
5475648,2020-03-18,22,0,0,0,1,0,33.83114,66.02471,AF,AFG,Afghanistan,,,,2023-06-17 00:05:40
150541,2020-03-19,22,0,0,0,1,0,33.83114,66.02471,AF,AFG,Afghanistan,,,,2023-06-17 00:05:40